Date,Product,Sales,Region,Profit,Customer_Type,Payment_Mode
2023-01-01,Headphones,19,North,4043,New,Cash
2023-01-01,Mouse,15,North,4167,New,UPI
2023-01-02,Headphones,8,East,1497,Returning,UPI
2023-01-02,Mouse,5,South,3983,Returning,UPI
2023-01-04,Monitor,16,West,4578,Returning,Cash
2023-01-04,Monitor,10,North,4068,Returning,Card
2023-01-05,Headphones,12,North,1188,Returning,UPI
2023-01-05,Laptop,18,East,1342,Returning,Cash
2023-01-06,Laptop,17,South,1714,Returning,Card
2023-01-07,Mouse,17,North,2598,Returning,Cash
2023-01-08,Mobile,15,West,794,Returning,Card
2023-01-09,Laptop,16,North,4663,New,Card
2023-01-10,Headphones,13,North,575,Returning,Cash
2023-01-10,Headphones,17,West,1659,New,Card
2023-01-11,Headphones,18,East,3191,New,UPI
2023-01-11,Headphones,10,North,1103,Returning,UPI
2023-01-12,Laptop,15,South,2333,New,Card
2023-01-12,Headphones,5,East,3759,New,UPI
2023-01-13,Mobile,18,East,4435,Returning,UPI
2023-01-14,Monitor,5,North,1773,Returning,UPI
2023-01-15,Monitor,2,West,1565,New,Card
2023-01-15,Headphones,13,East,901,Returning,Cash
2023-01-17,Mobile,11,South,4854,New,Cash
2023-01-18,Keyboard,1,North,980,New,Cash
2023-01-18,Keyboard,13,South,4432,New,UPI
2023-01-20,Keyboard,17,North,1517,New,Cash
2023-01-21,Mouse,4,South,504,New,UPI
2023-01-22,Mobile,9,West,1095,Returning,Cash
2023-01-23,Mobile,3,North,1891,New,Card
2023-01-23,Laptop,3,North,2768,Returning,Card
2023-01-25,Laptop,19,South,1629,New,Cash
2023-01-25,Monitor,16,West,4939,Returning,Cash
2023-01-25,Mobile,3,South,1055,Returning,UPI
2023-01-27,Keyboard,9,South,4132,Returning,Card
2023-01-27,Monitor,15,East,1630,New,UPI
2023-01-28,Monitor,11,West,3397,New,UPI
2023-01-28,Monitor,15,East,1345,New,UPI
2023-01-29,Keyboard,11,West,2749,New,Cash
2023-01-29,Mouse,6,South,4873,Returning,Card
2023-01-29,Keyboard,3,West,2334,Returning,Card
2023-02-01,Monitor,11,North,2096,Returning,Card
2023-02-03,Mouse,14,East,1227,Returning,Cash
2023-02-03,Keyboard,16,East,3824,New,Card
2023-02-03,Monitor,15,West,4303,New,Cash
2023-02-04,Headphones,9,East,3142,New,Card
2023-02-04,Headphones,8,West,3544,Returning,UPI
2023-02-05,Monitor,12,East,848,New,Cash
2023-02-06,Headphones,8,West,4220,Returning,UPI
2023-02-07,Mobile,1,North,4775,New,Card
2023-02-08,Mouse,1,East,2653,New,UPI
2023-02-10,Monitor,5,North,1738,New,UPI
2023-02-10,Headphones,3,North,4980,New,Cash
2023-02-10,Keyboard,19,North,4181,New,UPI
2023-02-11,Keyboard,14,South,1624,Returning,Cash
2023-02-11,Laptop,5,South,1939,New,Card
2023-02-12,Keyboard,13,South,1266,New,Card
2023-02-16,Mouse,2,East,4711,New,UPI
2023-02-16,Keyboard,12,North,3845,New,Cash
2023-02-16,Keyboard,10,West,2783,New,Card
2023-02-16,Mouse,2,West,849,New,UPI
2023-02-16,Keyboard,11,South,3179,Returning,UPI
2023-02-17,Mobile,18,West,2226,Returning,Card
2023-02-20,Keyboard,19,South,3983,Returning,Cash
2023-02-20,Mouse,14,North,3675,Returning,UPI
2023-02-20,Headphones,19,South,2592,Returning,Cash
2023-02-22,Keyboard,15,South,3010,New,Card
2023-02-23,Keyboard,18,South,2002,Returning,Cash
2023-02-24,Monitor,12,West,3564,Returning,Cash
2023-02-24,Keyboard,15,South,2822,New,Cash
2023-02-24,Headphones,1,North,1165,New,Cash
2023-02-25,Laptop,4,North,1664,New,Card
2023-02-27,Keyboard,9,West,4506,New,Cash
2023-02-28,Mobile,6,North,2696,New,UPI
2023-03-02,Monitor,16,West,1498,New,Card
2023-03-02,Monitor,15,South,4041,Returning,UPI
2023-03-03,Mobile,16,West,1219,New,Card
2023-03-04,Monitor,16,West,1116,New,UPI
2023-03-04,Mouse,18,South,3884,New,Cash
2023-03-06,Headphones,19,South,3383,New,UPI
2023-03-08,Monitor,11,North,2927,New,Card
2023-03-10,Keyboard,8,South,3360,New,Card
2023-03-10,Laptop,15,South,1343,New,UPI
2023-03-10,Keyboard,15,North,2029,New,UPI
2023-03-14,Laptop,14,East,2711,New,Card
2023-03-16,Laptop,12,West,733,New,Card
2023-03-16,Monitor,13,South,2451,New,Card
2023-03-16,Headphones,4,North,886,New,Cash
2023-03-16,Keyboard,18,East,2158,New,Cash
2023-03-17,Monitor,19,South,4436,Returning,Card
2023-03-19,Mobile,15,South,2491,New,UPI
2023-03-19,Mobile,8,North,691,Returning,Cash
2023-03-21,Laptop,15,East,3200,Returning,Card
2023-03-22,Mouse,2,West,2308,New,Cash
2023-03-23,Keyboard,3,South,2322,New,Cash
2023-03-24,Mouse,12,West,1728,Returning,UPI
2023-03-27,Laptop,10,South,1570,New,UPI
2023-03-28,Keyboard,8,North,4044,New,Cash
2023-03-29,Keyboard,10,South,1300,Returning,UPI
2023-03-30,Monitor,13,East,2779,New,Cash
2023-03-31,Mobile,15,North,4902,New,Cash
2023-03-31,Monitor,16,East,2277,New,UPI
2023-03-31,Laptop,18,North,2524,New,UPI
2023-04-01,Headphones,16,South,1027,New,UPI
2023-04-02,Laptop,3,South,3529,Returning,Cash
2023-04-03,Headphones,8,North,2482,New,UPI
2023-04-04,Laptop,19,East,3470,New,Cash
2023-04-05,Headphones,15,East,3743,New,UPI
2023-04-05,Mouse,14,West,4536,New,Card
2023-04-05,Laptop,3,East,4430,New,UPI
2023-04-06,Mouse,4,East,1629,New,Cash
2023-04-06,Keyboard,3,East,1206,New,Cash
2023-04-06,Laptop,6,South,2910,Returning,Card
2023-04-08,Keyboard,10,East,3087,Returning,Cash
2023-04-08,Headphones,17,West,1341,Returning,UPI
2023-04-09,Monitor,8,South,4134,Returning,Card
2023-04-09,Headphones,9,East,4445,Returning,Card
2023-04-09,Monitor,11,South,3599,Returning,UPI
2023-04-12,Keyboard,4,North,1044,New,Cash
2023-04-13,Mouse,17,North,2054,Returning,UPI
2023-04-14,Mobile,6,East,2632,Returning,Cash
2023-04-14,Keyboard,1,North,3103,New,Cash
2023-04-15,Laptop,9,South,3408,Returning,Cash
2023-04-17,Monitor,17,North,4054,New,UPI
2023-04-18,Laptop,2,East,3447,New,Card
2023-04-19,Monitor,3,East,2430,New,Card
2023-04-19,Mobile,4,South,4626,Returning,Card
2023-04-21,Monitor,14,North,4367,Returning,Card
2023-04-21,Mouse,13,South,3991,Returning,Cash
2023-04-21,Headphones,17,South,4293,New,Card
2023-04-23,Mobile,7,North,2634,Returning,UPI
2023-04-23,Laptop,3,West,4832,Returning,Cash
2023-04-24,Laptop,7,East,2032,New,Cash
2023-04-25,Mouse,9,South,4776,Returning,Card
2023-04-27,Laptop,7,East,3770,Returning,Card
2023-04-27,Headphones,8,West,4644,Returning,Card
2023-04-28,Monitor,1,East,4580,Returning,Cash
2023-04-28,Mobile,15,South,2294,New,UPI
2023-04-30,Mouse,2,North,648,New,Card
2023-05-02,Mobile,15,West,1419,Returning,Card
2023-05-03,Keyboard,8,East,1257,New,UPI
2023-05-06,Laptop,15,East,3753,New,Cash
2023-05-06,Headphones,13,East,2238,Returning,Cash
2023-05-07,Mouse,6,East,1941,Returning,Cash
2023-05-08,Monitor,9,West,4433,New,Card
2023-05-08,Keyboard,11,West,2287,Returning,Card
2023-05-08,Laptop,18,North,1289,Returning,UPI
2023-05-10,Mobile,3,West,4787,Returning,Card
2023-05-10,Monitor,13,South,4777,New,Cash
2023-05-11,Headphones,10,West,2830,New,Cash
2023-05-11,Monitor,5,South,4378,New,Card
2023-05-12,Mouse,10,North,1373,Returning,UPI
2023-05-13,Keyboard,9,South,1811,Returning,Cash
2023-05-14,Mobile,11,North,2061,New,UPI
2023-05-15,Laptop,7,South,4696,Returning,Card
2023-05-17,Monitor,1,South,3389,New,Cash
2023-05-18,Laptop,3,North,1589,New,Cash
2023-05-19,Keyboard,17,South,1801,New,Card
2023-05-20,Mouse,16,West,2277,Returning,Cash
2023-05-21,Laptop,1,South,1857,New,Card
2023-05-23,Headphones,16,South,722,Returning,Cash
2023-05-24,Headphones,18,North,2360,New,Card
2023-05-24,Monitor,17,West,1552,New,Card
2023-05-24,Mouse,4,North,3094,New,Cash
2023-05-25,Laptop,16,North,3595,Returning,UPI
2023-05-25,Mouse,7,North,2068,New,Cash
2023-05-26,Laptop,5,North,3275,New,Card
2023-05-27,Keyboard,12,East,2477,Returning,UPI
2023-05-27,Headphones,4,South,2249,New,Card
2023-05-28,Keyboard,15,West,4185,Returning,Cash
2023-05-29,Mouse,16,East,2027,New,UPI
2023-05-30,Monitor,19,East,1574,Returning,Cash
2023-05-31,Mouse,3,East,3764,Returning,Card
2023-05-31,Laptop,13,North,2002,New,UPI
2023-06-01,Laptop,13,South,817,Returning,UPI
2023-06-02,Laptop,7,South,1008,Returning,Card
2023-06-03,Headphones,12,West,3920,New,Card
2023-06-03,Mouse,8,West,3247,New,Cash
2023-06-03,Mouse,7,East,3791,New,Card
2023-06-04,Headphones,18,West,1321,Returning,Cash
2023-06-05,Headphones,16,West,2366,Returning,Card
2023-06-06,Keyboard,10,North,1575,Returning,Cash
2023-06-07,Headphones,8,North,1022,New,Card
2023-06-09,Headphones,18,South,2103,New,Card
2023-06-10,Mobile,13,South,4872,New,Cash
2023-06-11,Monitor,18,North,4814,Returning,UPI
2023-06-11,Monitor,13,South,2255,New,UPI
2023-06-14,Keyboard,12,North,633,New,Card
2023-06-15,Mouse,9,North,1795,New,UPI
2023-06-16,Monitor,7,South,3753,Returning,UPI
2023-06-16,Laptop,19,North,866,New,Cash
2023-06-17,Mouse,5,South,604,New,Cash
2023-06-19,Mouse,16,East,3070,New,UPI
2023-06-21,Keyboard,11,North,2331,Returning,Cash
2023-06-21,Monitor,16,South,3709,New,Card
2023-06-22,Monitor,11,North,4778,New,UPI
2023-06-22,Mobile,4,South,4728,Returning,Cash
2023-06-22,Laptop,8,North,1801,Returning,UPI
2023-06-26,Mobile,8,East,2055,Returning,Cash
2023-06-26,Mobile,15,South,1882,Returning,UPI
2023-06-26,Laptop,10,North,4177,Returning,Card
2023-06-30,Laptop,9,South,3079,New,Card
2023-07-01,Laptop,15,South,4916,New,UPI
2023-07-03,Keyboard,11,South,2172,New,UPI
2023-07-06,Mouse,12,West,3312,New,Cash
2023-07-06,Mobile,8,East,1028,New,UPI
2023-07-07,Headphones,2,North,3165,Returning,Card
2023-07-09,Mobile,1,South,3238,New,Card
2023-07-09,Mouse,3,South,3757,Returning,Card
2023-07-09,Keyboard,10,West,1892,New,UPI
2023-07-10,Mouse,17,South,4490,Returning,UPI
2023-07-11,Keyboard,11,South,4165,Returning,UPI
2023-07-13,Mobile,2,South,3793,Returning,Cash
2023-07-13,Headphones,7,West,4449,New,Card
2023-07-15,Mobile,10,North,4048,New,Card
2023-07-17,Headphones,4,South,4958,New,Cash
2023-07-17,Mobile,9,West,2492,New,UPI
2023-07-20,Headphones,15,South,3633,New,UPI
2023-07-20,Laptop,8,North,3510,Returning,UPI
2023-07-21,Mobile,10,North,1377,Returning,Card
2023-07-21,Mouse,6,South,2010,New,Cash
2023-07-22,Mouse,4,South,1074,New,UPI
2023-07-22,Keyboard,5,North,4266,Returning,UPI
2023-07-24,Headphones,4,West,1644,Returning,UPI
2023-07-25,Mobile,2,West,1920,Returning,UPI
2023-07-26,Monitor,11,South,746,Returning,Card
2023-07-27,Monitor,9,East,1881,Returning,Card
2023-08-02,Headphones,12,East,1061,Returning,Cash
2023-08-03,Mouse,3,North,2871,New,UPI
2023-08-04,Headphones,4,South,3891,New,Cash
2023-08-04,Keyboard,8,East,3235,New,Card
2023-08-05,Mobile,1,North,1798,Returning,UPI
2023-08-05,Monitor,8,West,3009,New,Cash
2023-08-05,Laptop,17,West,1377,Returning,UPI
2023-08-06,Monitor,12,South,3238,Returning,Card
2023-08-06,Laptop,3,North,813,Returning,UPI
2023-08-08,Laptop,7,East,3231,Returning,Card
2023-08-12,Mouse,4,North,4498,New,UPI
2023-08-13,Monitor,14,East,3441,New,UPI
2023-08-14,Headphones,9,South,2986,Returning,Card
2023-08-16,Keyboard,18,North,2926,Returning,UPI
2023-08-16,Laptop,13,South,2458,Returning,Card
2023-08-17,Monitor,8,North,3610,Returning,UPI
2023-08-18,Monitor,16,West,565,New,Cash
2023-08-19,Laptop,18,West,4810,Returning,Card
2023-08-19,Headphones,17,North,2347,Returning,Card
2023-08-21,Headphones,10,East,4983,New,UPI
2023-08-21,Mouse,16,East,2504,New,Cash
2023-08-23,Mouse,17,South,2508,Returning,Card
2023-08-24,Mouse,10,West,1027,New,Cash
2023-08-24,Monitor,17,West,868,New,UPI
2023-08-25,Headphones,4,South,523,New,Cash
2023-08-27,Mobile,11,North,4481,New,Cash
2023-08-30,Mobile,1,West,3826,Returning,UPI
2023-08-31,Laptop,4,West,2720,Returning,Card
2023-09-01,Headphones,18,South,4906,New,Card
2023-09-03,Mouse,15,North,3290,New,Card
2023-09-04,Keyboard,18,South,4878,Returning,Cash
2023-09-04,Laptop,13,East,2064,New,Cash
2023-09-06,Laptop,16,East,1530,Returning,UPI
2023-09-06,Headphones,2,North,3800,New,Cash
2023-09-07,Laptop,4,South,2694,New,Card
2023-09-07,Laptop,11,North,1509,New,UPI
2023-09-10,Headphones,12,North,4374,New,UPI
2023-09-10,Keyboard,12,South,1593,New,Card
2023-09-11,Mobile,5,North,1673,Returning,Card
2023-09-11,Mobile,13,East,1601,Returning,Card
2023-09-13,Headphones,17,South,1540,New,UPI
2023-09-15,Mobile,9,South,3252,New,UPI
2023-09-16,Laptop,14,West,4830,New,Cash
2023-09-18,Mouse,10,South,3369,Returning,Cash
2023-09-18,Mouse,13,West,3894,Returning,Card
2023-09-20,Monitor,11,East,2542,New,UPI
2023-09-21,Laptop,1,East,1001,Returning,Cash
2023-09-22,Monitor,19,North,1615,Returning,UPI
2023-09-25,Keyboard,10,East,4741,Returning,UPI
2023-09-25,Mouse,2,West,645,New,UPI
2023-09-26,Mobile,3,North,758,New,Cash
2023-09-27,Monitor,10,West,2393,New,UPI
2023-09-27,Monitor,5,North,3182,Returning,Cash
2023-10-02,Mouse,2,West,1789,Returning,Card
2023-10-04,Mouse,17,West,2914,Returning,UPI
2023-10-04,Mouse,16,South,3123,Returning,Card
2023-10-06,Keyboard,6,East,1552,Returning,UPI
2023-10-07,Headphones,15,North,4576,Returning,Card
2023-10-07,Mouse,2,East,4492,New,Cash
2023-10-08,Mobile,9,East,1415,New,Cash
2023-10-11,Keyboard,7,East,2943,Returning,Cash
2023-10-12,Headphones,13,North,3002,New,Cash
2023-10-12,Mobile,16,South,1856,New,Card
2023-10-12,Headphones,2,East,3074,New,Card
2023-10-13,Headphones,5,North,4345,Returning,Cash
2023-10-16,Keyboard,4,East,3069,Returning,Cash
2023-10-16,Mobile,13,North,3182,New,Cash
2023-10-21,Laptop,14,East,3959,New,Card
2023-10-23,Monitor,13,South,4408,Returning,Card
2023-10-23,Mouse,7,East,2043,Returning,Card
2023-10-23,Mouse,9,South,2780,Returning,UPI
2023-10-29,Monitor,8,South,2994,Returning,UPI
2023-10-29,Keyboard,16,South,3763,Returning,Cash
2023-10-30,Keyboard,14,East,871,New,Card
2023-11-01,Mobile,11,East,4080,New,Card
2023-11-09,Mouse,14,West,4972,Returning,UPI
2023-11-09,Monitor,16,West,3700,New,UPI
2023-11-10,Monitor,2,South,4469,New,Cash
2023-11-11,Monitor,14,North,4215,Returning,Card
2023-11-12,Monitor,4,West,3438,Returning,Cash
2023-11-14,Mouse,10,South,4093,New,UPI
2023-11-14,Laptop,9,West,4055,Returning,Cash
2023-11-16,Mobile,3,West,1201,New,Cash
2023-11-17,Keyboard,18,North,2855,Returning,UPI
2023-11-17,Mouse,16,East,2726,Returning,Cash
2023-11-20,Mobile,18,West,3734,Returning,Card
2023-11-22,Mobile,8,West,1759,New,Card
2023-11-23,Headphones,15,West,4550,New,Cash
2023-11-24,Headphones,14,North,1494,Returning,Card
2023-11-25,Laptop,15,East,2324,New,Card
2023-11-26,Headphones,3,West,3417,Returning,UPI
2023-11-26,Monitor,7,North,3168,Returning,Cash
2023-11-27,Headphones,2,East,2586,Returning,UPI
2023-11-30,Laptop,13,South,2742,New,Card
2023-12-01,Mobile,18,South,3847,Returning,Cash
2023-12-02,Monitor,4,North,1794,New,Card
2023-12-03,Keyboard,19,West,4031,New,UPI
2023-12-04,Monitor,19,West,3439,Returning,UPI
2023-12-04,Mobile,12,South,4405,New,Card
2023-12-04,Laptop,16,South,4879,New,UPI
2023-12-05,Mobile,19,North,4197,Returning,Cash
2023-12-05,Headphones,18,South,2116,New,Card
2023-12-07,Mouse,3,North,2101,Returning,Card
2023-12-08,Monitor,5,South,4081,New,Card
2023-12-08,Monitor,17,East,609,New,Cash
2023-12-10,Keyboard,9,North,524,New,UPI
2023-12-12,Mouse,2,North,2313,Returning,Cash
2023-12-12,Laptop,10,East,3737,New,UPI
2023-12-12,Mouse,15,East,2936,New,Cash
2023-12-13,Headphones,2,East,3900,Returning,UPI
2023-12-14,Mobile,17,North,4469,New,UPI
2023-12-16,Headphones,5,North,1813,Returning,Card
2023-12-16,Mouse,16,West,1404,New,Cash
2023-12-22,Mobile,7,West,1389,Returning,Card
2023-12-23,Mobile,4,West,2951,New,Card
2023-12-24,Mobile,17,South,855,New,Cash
2023-12-26,Mouse,11,West,636,New,Cash
2023-12-29,Laptop,18,East,2357,Returning,Card
2023-12-29,Mobile,9,East,2043,New,Card
2023-12-31,Keyboard,5,South,4696,Returning,Card
2023-12-31,Monitor,16,South,3247,New,Card
2024-01-05,Monitor,12,South,1447,Returning,Card
2024-01-06,Monitor,9,South,4857,Returning,Cash
2024-01-08,Mouse,7,West,528,Returning,Cash
2024-01-09,Laptop,13,East,4862,New,Cash
2024-01-09,Headphones,12,East,1468,Returning,Cash
2024-01-11,Keyboard,5,North,1420,Returning,UPI
2024-01-14,Mouse,19,South,1513,New,Cash
2024-01-15,Mouse,4,West,3549,New,UPI
2024-01-15,Mobile,13,West,1888,New,Cash
2024-01-20,Mobile,13,West,1348,New,Card
2024-01-20,Mobile,17,East,2533,Returning,Card
2024-01-21,Mobile,15,South,2874,Returning,Cash
2024-01-21,Mouse,2,West,731,New,Cash
2024-01-22,Monitor,16,South,1252,New,UPI
2024-01-23,Headphones,5,South,2320,Returning,Card
2024-01-24,Keyboard,1,West,3798,New,Card
2024-01-25,Monitor,6,North,855,Returning,UPI
2024-01-26,Keyboard,13,East,1167,Returning,Cash
2024-01-26,Keyboard,7,South,1662,Returning,UPI
2024-01-27,Laptop,15,East,4166,New,Cash
2024-01-28,Laptop,15,South,4315,Returning,UPI
2024-01-31,Laptop,15,North,3335,New,UPI
2024-01-31,Laptop,14,West,4657,New,UPI
2024-01-31,Monitor,4,South,2962,New,Card
2024-01-31,Mobile,14,East,3532,Returning,UPI
2024-02-01,Mobile,2,North,819,New,UPI
2024-02-01,Headphones,15,West,3572,New,UPI
2024-02-02,Headphones,12,North,4087,Returning,Cash
2024-02-02,Laptop,14,East,557,New,UPI
2024-02-02,Headphones,6,North,2762,Returning,UPI
2024-02-04,Keyboard,18,East,2393,Returning,UPI
2024-02-05,Monitor,18,South,3310,New,Cash
2024-02-05,Mobile,4,North,3627,Returning,UPI
2024-02-05,Laptop,14,South,2280,Returning,Card
2024-02-05,Keyboard,1,West,900,New,UPI
2024-02-06,Headphones,11,North,4234,Returning,UPI
2024-02-06,Monitor,17,East,956,New,Cash
2024-02-07,Headphones,9,West,2447,New,UPI
2024-02-08,Laptop,9,West,2874,Returning,Card
2024-02-09,Mouse,12,East,2060,New,UPI
2024-02-10,Monitor,2,East,940,New,Card
2024-02-11,Headphones,11,North,4700,Returning,Card
2024-02-12,Mobile,3,East,3000,Returning,Cash
2024-02-17,Keyboard,16,North,2120,Returning,Card
2024-02-22,Keyboard,2,South,3239,Returning,Cash
2024-02-22,Headphones,13,South,4363,Returning,Cash
2024-02-23,Headphones,11,East,4902,Returning,Cash
2024-02-24,Monitor,3,North,891,Returning,Card
2024-02-24,Keyboard,5,North,2473,Returning,Cash
2024-02-26,Mobile,6,North,4879,Returning,Card
2024-02-29,Mobile,4,West,3674,Returning,Card
2024-03-04,Mouse,13,South,692,New,Cash
2024-03-07,Monitor,1,West,1064,Returning,UPI
2024-03-10,Monitor,5,East,2473,Returning,UPI
2024-03-10,Mobile,16,East,4817,Returning,UPI
2024-03-10,Monitor,8,West,2221,New,UPI
2024-03-13,Monitor,15,South,1303,Returning,UPI
2024-03-13,Laptop,8,South,3021,Returning,Cash
2024-03-17,Laptop,16,South,1686,New,UPI
2024-03-17,Mouse,2,West,4620,Returning,Card
2024-03-17,Keyboard,6,West,3058,New,Card
2024-03-18,Mobile,3,East,3940,Returning,Cash
2024-03-19,Headphones,8,South,729,Returning,Card
2024-03-20,Keyboard,19,West,4762,New,Cash
2024-03-20,Keyboard,3,East,960,Returning,Card
2024-03-22,Mobile,9,South,3954,New,UPI
2024-03-24,Mobile,2,East,1007,New,UPI
2024-03-25,Mouse,3,East,2279,New,Cash
2024-03-27,Laptop,13,East,1248,New,UPI
2024-03-28,Monitor,14,North,2217,Returning,Card
2024-03-28,Monitor,7,South,3850,Returning,Card
2024-03-28,Headphones,16,East,1536,Returning,Card
2024-03-30,Laptop,18,South,1575,New,Card
2024-03-30,Headphones,15,East,798,New,Card
2024-03-31,Laptop,3,South,4663,Returning,UPI
2024-03-31,Headphones,4,East,1297,New,Card
2024-04-01,Headphones,17,South,3868,New,Cash
2024-04-01,Keyboard,11,North,1938,Returning,Card
2024-04-04,Keyboard,2,West,4884,Returning,Card
2024-04-04,Monitor,3,West,1345,New,UPI
2024-04-05,Laptop,15,North,3353,New,Card
2024-04-08,Headphones,6,South,4286,Returning,Card
2024-04-10,Keyboard,10,South,3958,Returning,UPI
2024-04-11,Laptop,9,East,569,Returning,Cash
2024-04-12,Laptop,14,South,783,Returning,Cash
2024-04-13,Headphones,19,East,2937,Returning,Cash
2024-04-14,Headphones,17,West,854,Returning,Card
2024-04-15,Keyboard,10,South,4175,New,Cash
2024-04-15,Monitor,16,North,770,New,UPI
2024-04-15,Headphones,9,North,3617,New,Cash
2024-04-17,Keyboard,15,South,2107,Returning,UPI
2024-04-18,Headphones,5,North,3897,New,UPI
2024-04-18,Mobile,7,West,2511,Returning,Card
2024-04-19,Headphones,13,West,4464,Returning,Cash
2024-04-19,Mouse,14,North,1389,New,UPI
2024-04-20,Monitor,6,North,3262,Returning,Cash
2024-04-20,Laptop,9,East,3475,New,Cash
2024-04-20,Mobile,10,East,4712,New,Cash
2024-04-21,Monitor,13,West,2417,New,Cash
2024-04-22,Laptop,8,South,4120,New,UPI
2024-04-26,Mobile,4,West,4764,Returning,Cash
2024-04-29,Keyboard,8,South,1087,Returning,Cash
2024-04-29,Keyboard,8,West,3833,New,Cash
2024-05-02,Keyboard,2,East,1338,New,Cash
2024-05-02,Headphones,10,East,1050,New,UPI
2024-05-03,Keyboard,19,West,3849,Returning,UPI
2024-05-03,Mobile,19,North,2980,New,Cash
2024-05-04,Mobile,5,West,662,New,UPI
2024-05-05,Keyboard,14,West,1709,Returning,UPI
2024-05-06,Monitor,17,East,2573,New,Cash
2024-05-07,Headphones,19,North,2915,New,UPI
2024-05-08,Laptop,5,West,2273,Returning,UPI
2024-05-11,Mouse,5,North,2253,Returning,Cash
2024-05-11,Mouse,4,West,4380,New,Cash
2024-05-13,Monitor,4,West,2115,New,Card
2024-05-14,Keyboard,6,West,2133,New,Card
2024-05-16,Monitor,11,North,1718,Returning,Card
2024-05-16,Mouse,13,South,1104,Returning,UPI
2024-05-17,Mouse,13,North,4539,Returning,UPI
2024-05-17,Headphones,6,East,1335,New,Cash
2024-05-17,Monitor,2,North,725,New,UPI
2024-05-18,Laptop,6,East,4345,Returning,UPI
2024-05-19,Mobile,18,North,3105,Returning,UPI
2024-05-23,Laptop,17,South,828,Returning,UPI
2024-05-24,Laptop,2,North,2761,New,Card
2024-05-25,Headphones,10,North,1852,New,Card
2024-05-25,Mouse,5,West,808,Returning,Cash
2024-05-25,Mouse,10,West,1159,Returning,Cash
2024-05-26,Laptop,13,North,2919,Returning,Card
2024-05-27,Monitor,13,East,2021,New,UPI
2024-05-27,Laptop,14,East,2600,Returning,Card
2024-05-28,Mouse,4,East,3717,Returning,Card
2024-05-30,Keyboard,12,East,2563,Returning,UPI
2024-05-30,Mobile,11,North,1334,New,Cash
2024-05-31,Keyboard,17,East,4075,Returning,UPI
2024-06-01,Keyboard,3,West,2156,Returning,Card
2024-06-01,Headphones,3,East,2429,Returning,UPI
2024-06-04,Keyboard,6,North,3863,Returning,Cash
2024-06-04,Mouse,12,West,4666,Returning,Cash
2024-06-05,Laptop,17,South,4532,Returning,UPI
2024-06-07,Mobile,19,East,2864,Returning,Cash
2024-06-07,Headphones,5,West,713,New,UPI
2024-06-08,Mouse,6,East,1487,Returning,Card
2024-06-08,Mobile,6,East,4802,New,UPI
2024-06-09,Headphones,5,West,4363,New,Card
2024-06-09,Headphones,1,East,3300,Returning,UPI
2024-06-09,Laptop,10,West,1783,New,UPI
2024-06-15,Headphones,11,West,4732,Returning,Card
2024-06-17,Mouse,6,East,3935,New,Cash
2024-06-20,Monitor,4,South,1036,New,UPI
2024-06-20,Monitor,15,South,1257,New,Card
2024-06-21,Mobile,14,North,2082,Returning,Card
2024-06-23,Mobile,4,East,1254,Returning,UPI
2024-06-24,Headphones,8,North,4520,Returning,UPI
2024-06-25,Mouse,7,South,4324,New,Cash
2024-06-26,Mobile,1,East,733,Returning,UPI
2024-06-29,Keyboard,10,East,558,New,Card
2024-06-29,Mobile,6,East,2773,New,Card
2024-06-30,Mouse,4,East,4457,Returning,UPI
2024-07-01,Headphones,12,West,2666,New,Card
2024-07-03,Mobile,3,West,3150,New,Cash
2024-07-03,Laptop,15,South,3338,Returning,Card
2024-07-04,Mouse,15,South,1325,Returning,Card
2024-07-04,Laptop,12,West,4698,Returning,UPI
2024-07-05,Laptop,14,South,4024,New,UPI
2024-07-07,Monitor,3,South,598,Returning,Card
2024-07-10,Mouse,3,South,544,Returning,UPI
2024-07-12,Monitor,13,South,1722,Returning,Card
2024-07-13,Headphones,1,North,3433,Returning,Cash
2024-07-14,Keyboard,12,North,1114,Returning,Cash
2024-07-16,Monitor,12,West,3613,New,Card
2024-07-16,Headphones,17,South,4590,New,Cash
2024-07-17,Headphones,8,West,655,New,Card
2024-07-17,Mouse,7,North,3938,Returning,Cash
2024-07-18,Monitor,19,South,3518,New,Card
2024-07-19,Headphones,4,East,548,Returning,Cash
2024-07-19,Monitor,5,North,4323,New,UPI
2024-07-20,Keyboard,17,East,2850,New,Cash
2024-07-22,Mouse,15,North,1308,Returning,UPI
2024-07-23,Laptop,15,East,4361,Returning,Card
2024-07-23,Mobile,17,East,4805,Returning,Card
2024-07-27,Monitor,13,South,3792,Returning,Cash
2024-07-27,Headphones,15,North,4826,New,UPI
2024-07-28,Mobile,3,West,2178,Returning,UPI
2024-07-28,Keyboard,16,East,2151,Returning,Card
2024-07-28,Headphones,6,North,1095,New,Card
2024-07-31,Monitor,18,East,902,Returning,Card
2024-07-31,Keyboard,7,East,1428,Returning,Card
2024-08-01,Monitor,17,West,2724,New,Cash
2024-08-01,Laptop,8,North,1912,New,Cash
2024-08-03,Keyboard,12,West,4811,New,UPI
2024-08-09,Keyboard,16,East,4057,Returning,Cash
2024-08-10,Mobile,9,North,1385,Returning,Cash
2024-08-10,Headphones,2,West,4759,New,Cash
2024-08-10,Laptop,12,West,1466,New,Cash
2024-08-12,Mobile,19,North,4935,Returning,Card
2024-08-15,Headphones,13,West,720,Returning,Cash
2024-08-15,Headphones,10,South,4885,Returning,UPI
2024-08-17,Mouse,10,South,1877,Returning,Cash
2024-08-18,Laptop,11,East,574,Returning,Card
2024-08-20,Laptop,18,North,3685,Returning,Card
2024-08-23,Mouse,7,West,3163,Returning,Cash
2024-08-23,Headphones,15,West,3121,New,Card
2024-08-26,Monitor,19,North,3423,New,Card
2024-08-26,Keyboard,12,North,3010,New,UPI
2024-08-27,Keyboard,6,North,4299,Returning,UPI
2024-08-29,Keyboard,5,West,2988,Returning,Cash
2024-08-31,Laptop,6,East,2461,New,Cash
2024-09-01,Monitor,11,South,2447,Returning,UPI
2024-09-01,Mouse,15,West,2547,Returning,UPI
2024-09-04,Laptop,6,West,2915,Returning,UPI
2024-09-04,Mouse,19,South,1805,New,Card
2024-09-04,Keyboard,4,South,4784,Returning,Card
2024-09-07,Headphones,13,East,844,Returning,UPI
2024-09-08,Mobile,9,South,1987,Returning,Cash
2024-09-14,Keyboard,13,East,1332,New,Card
2024-09-14,Headphones,11,East,2827,New,Card
2024-09-15,Mouse,11,West,1371,New,Cash
2024-09-15,Mobile,9,South,4303,Returning,Card
2024-09-15,Monitor,2,East,2604,Returning,Card
2024-09-16,Mobile,3,South,520,New,Card
2024-09-17,Keyboard,15,South,4326,Returning,Cash
2024-09-18,Mobile,18,South,709,Returning,Cash
2024-09-19,Keyboard,8,East,1668,New,UPI
2024-09-19,Monitor,2,North,1209,New,Card
2024-09-20,Mobile,12,North,2439,New,Cash
2024-09-23,Headphones,10,East,3784,Returning,UPI
2024-09-24,Monitor,13,West,4644,New,Cash
2024-09-25,Keyboard,16,West,2537,New,Cash
2024-09-25,Headphones,18,East,1853,New,UPI
2024-09-25,Laptop,11,West,2647,Returning,UPI
2024-09-25,Laptop,13,South,2647,Returning,Cash
2024-09-25,Headphones,1,North,2578,Returning,UPI
2024-09-27,Mobile,13,North,1024,New,Cash
2024-09-30,Monitor,13,East,1674,New,Cash
2024-10-01,Keyboard,14,South,3867,Returning,Card
2024-10-01,Mobile,10,East,4023,New,Card
2024-10-02,Laptop,17,North,1178,Returning,Card
2024-10-03,Mouse,14,South,4576,Returning,Cash
2024-10-04,Monitor,19,East,1418,Returning,UPI
2024-10-06,Mouse,4,South,2791,New,Card
2024-10-07,Monitor,19,West,4763,Returning,Cash
2024-10-07,Monitor,12,South,518,New,Cash
2024-10-07,Mobile,11,West,2886,Returning,UPI
2024-10-08,Keyboard,16,West,4652,Returning,UPI
2024-10-09,Laptop,7,West,3672,New,Card
2024-10-10,Monitor,8,West,2694,Returning,Cash
2024-10-14,Keyboard,7,South,3522,New,Cash
2024-10-15,Mouse,9,West,1804,Returning,Card
2024-10-15,Mobile,11,South,3540,Returning,UPI
2024-10-17,Mouse,3,North,4724,Returning,Card
2024-10-17,Keyboard,5,North,4227,New,Cash
2024-10-18,Mobile,9,East,3294,New,Card
2024-10-19,Headphones,6,East,2290,New,UPI
2024-10-20,Keyboard,13,East,2048,New,Card
2024-10-21,Laptop,11,East,3906,New,Cash
2024-10-22,Mouse,5,West,3256,Returning,UPI
2024-10-22,Laptop,19,South,1818,Returning,UPI
2024-10-23,Headphones,4,South,2394,New,Card
2024-10-23,Headphones,4,North,4306,Returning,Cash
2024-10-24,Mouse,6,East,3645,Returning,Cash
2024-10-25,Headphones,11,East,761,New,UPI
2024-10-25,Mouse,4,South,2940,New,Cash
2024-10-25,Laptop,3,North,4506,New,UPI
2024-10-26,Mouse,16,East,962,Returning,Card
2024-10-27,Laptop,6,North,1446,New,UPI
2024-10-27,Mobile,16,East,2743,Returning,Card
2024-10-27,Keyboard,12,South,742,New,Card
2024-10-28,Keyboard,4,North,3414,Returning,Cash
2024-10-29,Laptop,11,North,4397,New,Card
2024-10-31,Mobile,5,West,2127,New,Card
2024-11-02,Mouse,13,South,4481,Returning,Card
2024-11-02,Mobile,9,East,4370,Returning,UPI
2024-11-04,Keyboard,9,East,2050,Returning,UPI
2024-11-06,Keyboard,16,East,2496,New,UPI
2024-11-06,Keyboard,4,East,2503,New,UPI
2024-11-06,Laptop,9,West,4946,New,Card
2024-11-07,Mouse,2,North,1814,New,Card
2024-11-12,Monitor,2,West,1469,Returning,Cash
2024-11-12,Mouse,11,East,913,Returning,Cash
2024-11-12,Laptop,7,West,2149,New,Card
2024-11-13,Monitor,10,North,2463,New,Cash
2024-11-14,Mouse,7,North,3229,Returning,Card
2024-11-14,Mobile,6,West,3837,Returning,Card
2024-11-15,Monitor,1,North,4777,New,Card
2024-11-15,Mouse,18,East,1622,Returning,Cash
2024-11-15,Headphones,10,South,2281,Returning,Card
2024-11-16,Mouse,1,East,3333,Returning,UPI
2024-11-17,Laptop,9,North,1442,New,Card
2024-11-18,Keyboard,1,East,2449,Returning,UPI
2024-11-18,Keyboard,3,East,1313,Returning,Cash
2024-11-19,Headphones,19,North,1912,New,Cash
2024-11-19,Mouse,14,South,4102,New,UPI
2024-11-20,Monitor,17,North,4633,New,Cash
2024-11-20,Monitor,16,East,1626,New,UPI
2024-11-21,Mouse,17,West,2596,Returning,Card
2024-11-22,Keyboard,2,West,3186,New,Cash
2024-11-23,Monitor,2,East,738,New,Cash
2024-11-27,Headphones,10,North,4218,Returning,Cash
2024-11-28,Headphones,11,East,2365,Returning,Card
2024-11-29,Mobile,8,East,3396,New,Card
2024-11-29,Keyboard,7,South,1676,New,Cash
2024-11-29,Mouse,19,North,2649,New,Card
2024-11-30,Headphones,1,North,2087,New,Card
2024-11-30,Headphones,11,West,676,New,Card
2024-11-30,Monitor,11,North,3258,New,Cash
2024-12-02,Laptop,3,West,986,New,Card
2024-12-03,Keyboard,14,West,3504,New,UPI
2024-12-04,Mobile,19,West,3820,Returning,UPI
2024-12-07,Mobile,8,North,3801,Returning,Cash
2024-12-09,Keyboard,15,North,1549,New,Card
2024-12-09,Keyboard,10,North,3186,New,Card
2024-12-09,Laptop,14,West,4779,Returning,Cash
2024-12-10,Headphones,4,North,3367,Returning,Card
2024-12-10,Keyboard,3,East,1978,New,Card
2024-12-10,Monitor,13,East,3703,Returning,Card
2024-12-11,Mouse,16,North,4287,Returning,Cash
2024-12-12,Laptop,12,West,4270,Returning,Cash
2024-12-13,Laptop,10,South,3304,New,Cash
2024-12-14,Keyboard,1,South,3403,New,Cash
2024-12-14,Keyboard,5,East,4177,New,UPI
2024-12-14,Monitor,16,South,3014,Returning,Card
2024-12-14,Monitor,4,South,4218,Returning,UPI
2024-12-15,Laptop,17,South,3938,New,Cash
2024-12-17,Mobile,15,East,2763,New,Card
2024-12-18,Mouse,8,West,2424,Returning,Card
2024-12-19,Monitor,13,North,4271,Returning,Card
2024-12-20,Mouse,17,North,3303,New,UPI
2024-12-21,Keyboard,7,West,3653,Returning,UPI
2024-12-23,Keyboard,17,West,4396,New,UPI
2024-12-24,Mobile,16,East,2323,Returning,Card
2024-12-25,Mobile,13,West,521,Returning,Card
2024-12-26,Laptop,7,West,1592,New,UPI
2024-12-26,Mouse,17,East,3640,Returning,Card
2024-12-27,Mouse,2,South,2100,Returning,Cash
2024-12-27,Mouse,11,East,3158,New,Cash
2024-12-29,Mouse,1,North,737,New,Card
2024-12-29,Headphones,4,North,2422,Returning,Cash
2024-12-30,Headphones,4,West,4125,Returning,Card
2024-12-30,Keyboard,10,East,1744,Returning,UPI
2024-12-31,Mobile,15,West,1056,New,Cash
2025-01-01,Keyboard,18,West,1269,New,Cash
2025-01-01,Mobile,1,East,1928,Returning,Cash
2025-01-02,Mobile,10,East,3954,New,Cash
2025-01-04,Mobile,1,South,1426,Returning,Card
2025-01-04,Mobile,15,West,4171,New,Card
2025-01-05,Monitor,19,East,1696,New,UPI
2025-01-05,Keyboard,5,North,3975,New,Cash
2025-01-07,Monitor,7,South,1112,New,Cash
2025-01-08,Keyboard,8,South,3194,New,UPI
2025-01-08,Mouse,3,South,4735,Returning,Card
2025-01-09,Headphones,15,North,2713,New,UPI
2025-01-10,Mouse,3,East,3745,New,Cash
2025-01-12,Mouse,15,North,4299,Returning,Cash
2025-01-13,Keyboard,15,East,3092,New,Card
2025-01-15,Headphones,15,North,4572,New,Card
2025-01-17,Mouse,5,North,1492,New,Cash
2025-01-17,Mobile,3,West,4997,New,Card
2025-01-18,Mouse,17,North,4434,New,UPI
2025-01-19,Keyboard,4,South,3317,New,Card
2025-01-19,Mobile,14,West,3583,Returning,UPI
2025-01-20,Keyboard,5,North,1977,Returning,Cash
2025-01-20,Laptop,8,North,1804,New,Cash
2025-01-21,Mouse,17,West,4609,New,UPI
2025-01-21,Monitor,3,North,4878,New,Cash
2025-01-23,Mouse,17,North,3983,Returning,Cash
2025-01-23,Laptop,17,West,2349,New,Cash
2025-01-24,Mouse,13,South,4227,New,UPI
2025-01-27,Headphones,7,North,2146,Returning,UPI
2025-01-28,Monitor,18,South,2675,Returning,Cash
2025-01-28,Mouse,14,West,2568,Returning,UPI
2025-01-28,Mobile,1,West,709,New,Cash
2025-01-28,Headphones,13,West,1907,New,Cash
2025-01-30,Mouse,15,East,3042,Returning,UPI
2025-01-30,Mobile,8,East,3486,New,Cash
2025-01-30,Mobile,15,West,3315,Returning,Cash
2025-01-31,Laptop,7,South,2996,New,UPI
2025-02-01,Keyboard,19,East,932,Returning,Card
2025-02-01,Keyboard,19,West,3200,New,UPI
2025-02-02,Mouse,13,West,2368,New,Cash
2025-02-02,Mouse,17,East,1494,Returning,Cash
2025-02-02,Laptop,1,East,1811,New,Cash
2025-02-02,Keyboard,11,West,750,New,UPI
2025-02-05,Headphones,12,South,1604,New,UPI
2025-02-05,Mobile,4,East,2746,Returning,Card
2025-02-05,Mobile,16,East,3550,Returning,Cash
2025-02-07,Mouse,19,East,2059,New,Card
2025-02-07,Mobile,8,West,3416,New,Cash
2025-02-08,Laptop,19,East,4365,New,UPI
2025-02-09,Headphones,1,West,4809,Returning,Card
2025-02-09,Keyboard,15,South,1318,Returning,Card
2025-02-12,Keyboard,10,East,3960,New,UPI
2025-02-13,Laptop,19,East,752,Returning,Card
2025-02-14,Keyboard,6,North,3091,New,Card
2025-02-14,Monitor,7,North,4105,Returning,Cash
2025-02-15,Headphones,3,East,4560,New,Cash
2025-02-15,Keyboard,1,South,4159,Returning,UPI
2025-02-16,Keyboard,17,West,1629,New,Cash
2025-02-16,Laptop,17,West,648,Returning,Card
2025-02-17,Headphones,19,West,2506,New,UPI
2025-02-18,Headphones,17,South,1832,Returning,Card
2025-02-22,Keyboard,14,East,3670,Returning,Cash
2025-02-23,Keyboard,18,North,2503,Returning,Cash
2025-02-23,Mouse,11,East,2897,Returning,Cash
2025-02-23,Monitor,5,South,2991,New,Cash
2025-02-28,Mobile,19,East,2496,New,Card
2025-03-01,Monitor,17,North,699,New,Cash
2025-03-02,Keyboard,5,West,696,Returning,UPI
2025-03-02,Headphones,19,East,2500,Returning,Cash
2025-03-04,Headphones,13,West,1662,Returning,Cash
2025-03-04,Mobile,18,West,3052,Returning,UPI
2025-03-04,Headphones,17,West,1609,New,UPI
2025-03-05,Monitor,6,South,1096,Returning,UPI
2025-03-05,Mouse,1,East,4132,Returning,Cash
2025-03-05,Keyboard,6,West,4104,New,UPI
2025-03-06,Headphones,2,South,864,New,UPI
2025-03-07,Laptop,13,East,4555,Returning,Cash
2025-03-08,Headphones,19,East,3819,New,Card
2025-03-08,Monitor,3,West,1358,New,Cash
2025-03-08,Monitor,5,North,726,New,Cash
2025-03-08,Headphones,2,South,3402,New,Card
2025-03-10,Headphones,9,East,2962,New,Card
2025-03-10,Keyboard,15,West,727,Returning,Cash
2025-03-11,Laptop,10,South,4057,New,UPI
2025-03-12,Mouse,6,West,4641,New,Cash
2025-03-12,Laptop,11,South,4348,New,Card
2025-03-14,Laptop,17,South,1434,New,Card
2025-03-15,Monitor,2,West,1579,New,Card
2025-03-15,Mobile,12,West,933,New,UPI
2025-03-15,Mouse,17,South,3486,Returning,Cash
2025-03-16,Monitor,7,North,2372,Returning,UPI
2025-03-16,Keyboard,13,West,4498,Returning,UPI
2025-03-16,Mobile,1,West,3093,New,UPI
2025-03-16,Laptop,6,North,679,Returning,Card
2025-03-17,Headphones,11,East,3747,New,Card
2025-03-22,Mobile,3,West,3785,New,Card
2025-03-24,Headphones,17,South,2702,Returning,UPI
2025-03-24,Headphones,6,South,1186,Returning,Card
2025-03-25,Headphones,6,South,4909,Returning,Card
2025-03-25,Monitor,17,South,1445,New,UPI
2025-03-25,Mobile,11,West,1475,New,Cash
2025-03-25,Headphones,18,West,3903,New,Card
2025-03-26,Headphones,10,North,1454,Returning,UPI
2025-03-26,Headphones,10,West,4784,Returning,UPI
2025-03-26,Headphones,12,North,3357,Returning,UPI
2025-03-26,Monitor,4,West,992,Returning,Card
2025-03-27,Mobile,15,South,1282,New,Cash
2025-03-29,Keyboard,17,North,4149,Returning,Card
2025-03-31,Mouse,16,West,1373,New,Card
2025-03-31,Keyboard,17,West,1856,Returning,Card
2025-04-01,Mobile,8,South,3709,Returning,Card
2025-04-02,Keyboard,2,West,4866,Returning,Cash
2025-04-02,Laptop,12,North,4236,New,Card
2025-04-02,Mobile,16,West,3957,Returning,Cash
2025-04-02,Headphones,10,North,3068,New,Card
2025-04-03,Monitor,4,North,1595,Returning,Card
2025-04-03,Mobile,15,West,4826,New,Cash
2025-04-04,Monitor,17,North,3141,New,UPI
2025-04-05,Keyboard,6,South,1544,New,Card
2025-04-06,Mouse,9,West,4696,Returning,UPI
2025-04-07,Mouse,8,North,4136,New,Cash
2025-04-07,Laptop,8,South,3625,New,UPI
2025-04-08,Monitor,9,North,3715,Returning,Card
2025-04-10,Monitor,2,West,4990,New,Cash
2025-04-10,Monitor,1,East,4343,New,UPI
2025-04-10,Laptop,19,South,937,New,Card
2025-04-11,Keyboard,12,West,3881,New,UPI
2025-04-12,Laptop,16,West,1088,New,Cash
2025-04-13,Mobile,16,East,2670,New,Card
2025-04-15,Mouse,14,East,3490,New,Card
2025-04-15,Keyboard,8,South,4051,Returning,UPI
2025-04-17,Laptop,4,West,1661,Returning,Cash
2025-04-17,Headphones,16,East,4679,New,Card
2025-04-17,Laptop,2,North,1080,Returning,Card
2025-04-20,Laptop,1,West,3981,New,Card
2025-04-22,Laptop,18,South,1418,New,Cash
2025-04-23,Mobile,17,East,725,New,UPI
2025-04-24,Keyboard,15,South,1306,Returning,Cash
2025-04-26,Mouse,5,North,3829,Returning,UPI
2025-04-27,Laptop,19,West,3680,New,Card
2025-04-28,Mouse,1,North,1946,New,Card
2025-04-28,Mobile,8,North,3896,Returning,UPI
2025-04-30,Keyboard,19,South,2260,Returning,Cash
2025-04-30,Monitor,11,West,1041,New,UPI
2025-05-01,Headphones,16,South,2941,Returning,UPI
2025-05-02,Monitor,10,West,1900,New,UPI
2025-05-02,Headphones,7,South,2273,Returning,Cash
2025-05-03,Monitor,12,North,3386,New,Cash
2025-05-03,Keyboard,9,North,3235,New,Cash
2025-05-03,Laptop,18,West,3218,Returning,UPI
2025-05-04,Mouse,1,North,4552,Returning,Card
2025-05-06,Mobile,11,North,3169,New,UPI
2025-05-08,Mouse,11,West,2288,New,Cash
2025-05-10,Mouse,19,North,4173,New,UPI
2025-05-10,Mouse,19,North,1769,New,UPI
2025-05-13,Headphones,15,East,4522,Returning,UPI
2025-05-13,Keyboard,15,West,1599,New,Card
2025-05-14,Keyboard,1,West,3408,Returning,Cash
2025-05-15,Laptop,13,West,2901,New,UPI
2025-05-16,Mobile,13,West,1181,New,Cash
2025-05-16,Monitor,8,West,2107,New,UPI
2025-05-18,Mobile,11,North,4235,New,Cash
2025-05-20,Mouse,11,West,1397,New,Card
2025-05-21,Monitor,5,North,2403,New,Cash
2025-05-21,Keyboard,9,West,632,Returning,Cash
2025-05-21,Headphones,11,North,2495,New,Card
2025-05-22,Headphones,17,South,3350,New,UPI
2025-05-22,Mobile,16,West,4432,New,Cash
2025-05-25,Laptop,10,West,2988,New,UPI
2025-05-25,Headphones,10,North,4764,New,Cash
2025-05-26,Mobile,5,South,2762,New,Cash
2025-05-26,Mouse,4,West,1505,New,UPI
2025-05-26,Headphones,2,West,2501,New,Card
2025-05-27,Monitor,6,West,1792,New,Card
2025-05-28,Mouse,1,West,1227,Returning,UPI
2025-05-28,Laptop,4,South,3883,Returning,Cash
2025-05-30,Monitor,9,South,831,Returning,UPI
2025-05-30,Monitor,12,South,604,New,Card
2025-05-30,Laptop,12,West,4039,New,Cash
2025-06-01,Monitor,5,West,4000,Returning,UPI
2025-06-01,Mouse,5,East,2773,Returning,UPI
2025-06-01,Laptop,11,South,1877,Returning,Cash
2025-06-02,Laptop,10,South,3917,New,Card
2025-06-02,Headphones,2,South,3275,New,Cash
2025-06-03,Keyboard,6,North,3244,Returning,Cash
2025-06-04,Keyboard,1,East,1917,Returning,Cash
2025-06-06,Mobile,8,East,3248,New,UPI
2025-06-09,Laptop,18,South,1664,Returning,UPI
2025-06-10,Headphones,19,West,1426,New,UPI
2025-06-13,Keyboard,13,East,4288,Returning,Card
2025-06-14,Laptop,13,East,4710,Returning,Cash
2025-06-15,Mobile,10,North,2741,Returning,UPI
2025-06-15,Monitor,4,West,4754,Returning,UPI
2025-06-16,Monitor,2,North,2069,Returning,UPI
2025-06-16,Mouse,10,West,1631,New,UPI
2025-06-17,Headphones,7,West,1564,New,Cash
2025-06-18,Laptop,2,West,3055,New,UPI
2025-06-18,Keyboard,11,West,2317,Returning,UPI
2025-06-18,Headphones,15,South,2951,New,Card
2025-06-20,Mouse,12,North,1825,New,Cash
2025-06-21,Mouse,13,North,850,New,Card
2025-06-23,Monitor,11,East,3557,Returning,UPI
2025-06-24,Keyboard,10,South,3738,Returning,UPI
2025-06-27,Mouse,6,East,4793,New,Card
2025-06-28,Keyboard,11,North,933,Returning,Card
2025-06-29,Mouse,8,South,2221,New,Card
2025-06-30,Laptop,15,West,1136,Returning,Cash
2025-07-01,Mouse,17,North,812,New,Card
2025-07-02,Keyboard,18,East,3664,Returning,Card
2025-07-03,Keyboard,7,West,3741,New,Card
2025-07-06,Mouse,10,South,1323,Returning,UPI
2025-07-07,Headphones,5,East,4991,Returning,Card
2025-07-07,Keyboard,13,South,2945,Returning,UPI
2025-07-08,Headphones,18,North,834,Returning,Cash
2025-07-08,Headphones,19,South,2758,Returning,UPI
2025-07-09,Monitor,13,South,3097,New,Card
2025-07-10,Mouse,14,South,3011,New,Card
2025-07-11,Mouse,14,South,1097,Returning,Card
2025-07-13,Laptop,1,North,4586,New,Cash
2025-07-13,Mobile,14,West,4974,New,Cash
2025-07-16,Keyboard,10,South,3189,Returning,Card
2025-07-17,Mobile,11,North,4485,New,UPI
2025-07-17,Headphones,17,North,2045,Returning,Card
2025-07-17,Keyboard,9,West,2282,Returning,UPI
2025-07-18,Headphones,5,West,4502,New,UPI
2025-07-22,Headphones,3,South,3378,New,Card
2025-07-22,Keyboard,1,East,555,New,UPI
2025-07-22,Monitor,19,North,3757,Returning,Cash
2025-07-23,Mobile,15,East,2145,Returning,Cash
2025-07-24,Headphones,4,West,3239,New,Cash
2025-07-24,Headphones,8,East,622,New,UPI
2025-07-25,Laptop,12,East,3336,Returning,Cash
2025-07-27,Headphones,4,West,3523,New,UPI
2025-07-27,Keyboard,9,South,2263,New,UPI
2025-07-28,Laptop,13,West,4188,Returning,Card
2025-08-01,Monitor,3,West,4539,Returning,UPI
2025-08-03,Laptop,10,East,3205,Returning,UPI
2025-08-04,Monitor,3,North,4190,New,Card
2025-08-04,Mobile,12,South,4472,Returning,Cash
2025-08-05,Mobile,8,North,4991,Returning,UPI
2025-08-05,Mobile,1,East,4262,New,Card
2025-08-08,Monitor,4,East,2031,New,UPI
2025-08-09,Mobile,15,West,1051,New,Card
2025-08-09,Mobile,10,South,4196,New,Cash
2025-08-11,Laptop,9,East,2038,New,UPI
2025-08-12,Keyboard,15,North,1664,Returning,Card
2025-08-12,Keyboard,8,East,3791,New,Cash
2025-08-12,Mouse,11,East,2799,Returning,Cash
2025-08-13,Laptop,3,West,842,New,Card
2025-08-13,Monitor,15,West,4877,Returning,Cash
2025-08-14,Mobile,11,East,4476,New,UPI
2025-08-14,Mobile,8,East,4287,New,Card
2025-08-14,Headphones,4,North,1039,New,Cash
2025-08-15,Mouse,6,South,4379,Returning,Card
2025-08-15,Monitor,13,East,3735,Returning,Cash
2025-08-15,Mouse,14,South,1816,New,Cash
2025-08-15,Mouse,8,North,2340,Returning,Card
2025-08-15,Headphones,7,South,3997,New,Cash
2025-08-16,Keyboard,13,West,1857,New,Card
2025-08-17,Laptop,7,North,4186,New,Card
2025-08-18,Mouse,14,East,3293,New,UPI
2025-08-19,Mobile,18,South,586,Returning,UPI
2025-08-24,Laptop,17,East,2563,New,UPI
2025-08-25,Laptop,10,East,1929,New,UPI
2025-08-26,Keyboard,14,East,2943,New,Card
2025-08-27,Mouse,15,South,1632,New,Card
2025-08-28,Keyboard,1,West,832,Returning,Cash
2025-08-29,Mouse,9,South,4734,Returning,Cash
2025-08-29,Monitor,12,West,2568,New,Cash
2025-08-30,Keyboard,8,North,4664,Returning,Cash
2025-09-02,Mouse,2,North,3864,New,UPI
2025-09-02,Monitor,18,North,638,New,Cash
2025-09-04,Mobile,14,North,3908,Returning,Card
2025-09-07,Monitor,1,South,3901,Returning,Card
2025-09-07,Laptop,9,South,1283,Returning,UPI
2025-09-07,Mouse,7,East,1689,New,UPI
2025-09-08,Keyboard,12,South,2743,New,UPI
2025-09-09,Keyboard,4,North,4918,New,Cash
2025-09-10,Mobile,12,East,1947,Returning,UPI
2025-09-10,Monitor,2,East,1721,Returning,UPI
2025-09-11,Mobile,8,North,2409,Returning,Card
2025-09-14,Keyboard,8,West,3479,Returning,Card
2025-09-16,Mouse,8,North,4277,New,Card
2025-09-16,Keyboard,18,North,1523,New,Card
2025-09-18,Laptop,5,East,3552,New,UPI
2025-09-19,Mouse,15,West,2074,Returning,Cash
2025-09-19,Mouse,18,North,1243,Returning,Cash
2025-09-19,Keyboard,12,North,1627,New,Card
2025-09-19,Laptop,15,West,3685,Returning,UPI
2025-09-22,Mouse,10,South,3008,Returning,Cash
2025-09-23,Laptop,14,East,1744,Returning,UPI
2025-09-23,Keyboard,17,East,1420,New,Card
2025-09-23,Headphones,9,North,4238,Returning,Card
2025-09-24,Monitor,3,South,4971,Returning,Cash
2025-09-29,Headphones,12,South,2069,Returning,Cash
2025-09-29,Keyboard,10,West,1711,New,Cash
2025-09-30,Keyboard,17,North,4066,New,Cash
2025-09-30,Laptop,11,East,1466,New,Cash
2025-10-03,Laptop,8,South,2236,Returning,UPI
2025-10-03,Headphones,17,South,4798,Returning,Card
2025-10-04,Monitor,11,East,3561,Returning,Cash
2025-10-05,Monitor,2,North,1005,Returning,UPI
2025-10-05,Mobile,13,East,4723,New,UPI
2025-10-05,Mobile,16,East,3084,Returning,UPI
2025-10-06,Mouse,12,South,1298,New,UPI
2025-10-08,Laptop,14,South,1447,New,Cash
2025-10-09,Mouse,16,North,1367,New,Card
2025-10-09,Mouse,4,East,4843,New,Cash
2025-10-10,Mobile,3,East,4485,Returning,Card
2025-10-11,Laptop,15,East,3882,Returning,Cash
2025-10-12,Mobile,12,South,892,New,Card
2025-10-12,Monitor,15,East,2007,New,Cash
2025-10-13,Mobile,9,South,2255,New,UPI
2025-10-13,Headphones,19,South,2705,Returning,Cash
2025-10-14,Mobile,8,North,3519,Returning,UPI
2025-10-16,Mobile,16,West,2332,New,Cash
2025-10-16,Mouse,9,South,3350,New,UPI
2025-10-16,Laptop,11,West,2761,Returning,Cash
2025-10-17,Keyboard,5,South,3809,New,Cash
2025-10-17,Mobile,13,South,3991,New,Cash
2025-10-17,Headphones,3,East,3418,New,Cash
2025-10-18,Laptop,17,East,2839,New,Card
2025-10-18,Monitor,13,South,3926,New,Cash
2025-10-19,Headphones,15,South,4349,Returning,Card
2025-10-21,Headphones,6,East,2211,New,UPI
2025-10-21,Mouse,11,North,2728,Returning,Cash
2025-10-22,Monitor,17,North,3471,Returning,UPI
2025-10-23,Keyboard,3,South,3265,New,UPI
2025-10-25,Headphones,5,East,2136,New,UPI
2025-10-25,Headphones,12,North,3703,New,Card
2025-10-25,Monitor,1,West,3729,New,Cash
2025-10-27,Mouse,6,East,2041,New,UPI
2025-10-28,Mobile,17,South,1513,Returning,Cash
2025-10-28,Monitor,17,East,2688,Returning,Cash
2025-10-29,Laptop,5,North,4406,New,Card
2025-11-01,Mobile,14,North,3868,New,UPI
2025-11-04,Laptop,6,West,1681,Returning,UPI
2025-11-04,Keyboard,2,East,4150,New,Cash
2025-11-04,Headphones,19,South,2929,Returning,UPI
2025-11-05,Monitor,6,North,4142,Returning,Card
2025-11-05,Mobile,16,West,3459,New,UPI
2025-11-06,Mouse,13,South,2189,Returning,Card
2025-11-06,Mobile,11,North,605,New,Cash
2025-11-06,Monitor,9,South,3282,New,Card
2025-11-08,Laptop,2,West,4734,New,UPI
2025-11-08,Laptop,5,South,1952,Returning,UPI
2025-11-10,Mobile,12,West,2180,New,Cash
2025-11-11,Keyboard,11,West,2524,Returning,Cash
2025-11-12,Monitor,13,North,4479,New,UPI
2025-11-12,Monitor,7,East,4494,New,Card
2025-11-14,Mobile,5,East,2060,New,Cash
2025-11-15,Laptop,18,East,4406,New,UPI
2025-11-15,Headphones,2,North,1237,Returning,Cash
2025-11-17,Laptop,9,West,4332,New,Card
2025-11-17,Mobile,5,East,1943,New,Cash
2025-11-18,Mouse,11,North,3679,Returning,Cash
2025-11-22,Mobile,10,South,3895,New,Cash
2025-11-22,Mobile,4,East,3634,New,UPI
2025-11-25,Mobile,19,West,3655,Returning,UPI
2025-11-26,Headphones,13,North,3090,Returning,UPI
2025-11-26,Headphones,9,West,903,Returning,Cash
2025-11-28,Monitor,13,North,1554,New,UPI
2025-11-28,Mouse,13,North,2202,New,Cash
2025-11-28,Mouse,6,West,728,Returning,UPI
2025-11-28,Keyboard,7,North,671,New,Cash
2025-11-28,Headphones,5,North,4433,New,UPI
2025-11-29,Mouse,15,North,1292,Returning,Cash
2025-11-30,Mobile,3,North,1069,Returning,Cash
2025-12-01,Keyboard,13,East,4725,New,UPI
2025-12-01,Monitor,7,East,589,New,Cash
2025-12-02,Keyboard,17,South,1175,Returning,Cash
2025-12-03,Laptop,11,North,2375,New,Cash
2025-12-05,Mouse,12,North,4362,Returning,UPI
2025-12-05,Mouse,4,East,3386,New,UPI
2025-12-06,Laptop,9,North,3381,New,UPI
2025-12-07,Keyboard,19,West,4586,New,Card
2025-12-08,Keyboard,3,North,1520,New,Card
2025-12-08,Headphones,19,South,1139,New,UPI
2025-12-10,Laptop,3,North,3912,New,Cash
2025-12-10,Laptop,7,West,895,New,Cash
2025-12-12,Keyboard,7,South,1895,Returning,Card
2025-12-12,Monitor,11,South,2632,Returning,UPI
2025-12-12,Headphones,5,East,598,New,Card
2025-12-12,Headphones,10,East,3689,Returning,Cash
2025-12-13,Laptop,15,West,4655,Returning,Cash
2025-12-13,Mouse,13,North,4501,Returning,Card
2025-12-13,Mobile,15,North,2559,New,Cash
2025-12-15,Mouse,15,East,2237,New,Card
2025-12-17,Headphones,18,West,3873,Returning,UPI
2025-12-17,Mouse,19,South,4613,New,Cash
2025-12-17,Mouse,17,East,3661,Returning,Card
2025-12-18,Mouse,15,South,2065,New,UPI
2025-12-22,Monitor,19,North,4157,New,UPI
2025-12-22,Monitor,17,East,4537,Returning,Cash
2025-12-24,Mobile,14,East,1110,Returning,Cash
2025-12-28,Mobile,8,North,4385,New,Card
2025-12-28,Laptop,1,South,4369,Returning,Cash
2025-12-29,Monitor,4,South,2573,New,Cash
2025-12-31,Laptop,19,South,1148,New,Cash
2025-12-31,Keyboard,17,South,1969,New,UPI
2026-01-01,Keyboard,8,East,1936,Returning,UPI
2026-01-02,Mouse,18,East,4992,Returning,Card
2026-01-03,Mobile,12,East,1101,New,Cash
2026-01-04,Monitor,15,West,2340,New,UPI
2026-01-06,Mobile,11,South,3471,Returning,UPI
2026-01-06,Mobile,17,North,3015,Returning,UPI
2026-01-06,Mouse,18,South,3102,New,UPI
2026-01-09,Mouse,16,West,3901,Returning,UPI
2026-01-09,Headphones,11,North,2436,New,UPI
2026-01-09,Mouse,2,South,3894,New,Cash
2026-01-12,Keyboard,6,East,4164,Returning,UPI
2026-01-13,Monitor,16,North,801,Returning,Card
2026-01-13,Monitor,1,East,3368,Returning,Cash
2026-01-14,Keyboard,14,West,2584,New,UPI
2026-01-14,Mouse,11,West,3685,Returning,Cash
2026-01-14,Mobile,4,West,3960,Returning,UPI
2026-01-16,Keyboard,6,South,4811,New,Card
2026-01-17,Headphones,7,West,1481,Returning,Cash
2026-01-20,Laptop,4,South,4542,New,Card
2026-01-23,Mouse,11,East,564,Returning,Cash
2026-01-24,Mobile,9,West,3842,New,Card
2026-01-25,Monitor,17,North,1309,New,Cash
2026-01-27,Mobile,5,West,4981,New,UPI
2026-01-27,Mouse,5,West,4633,New,Cash
2026-01-27,Monitor,14,West,769,New,Card
2026-01-27,Laptop,18,East,3285,New,UPI
2026-01-27,Monitor,14,North,1658,Returning,UPI
2026-01-28,Laptop,9,North,4700,New,Card
2026-01-28,Mobile,19,East,1255,New,Card
2026-01-31,Mobile,18,East,3591,New,UPI
2026-01-31,Mouse,9,North,886,Returning,Cash
2026-02-01,Keyboard,1,North,2432,New,UPI
2026-02-03,Laptop,13,South,1387,Returning,UPI
2026-02-03,Mobile,19,North,4261,New,UPI
2026-02-03,Mouse,5,West,1567,New,Card
2026-02-03,Mouse,3,East,2376,New,UPI
2026-02-04,Monitor,8,East,3103,Returning,Card
2026-02-06,Laptop,10,South,2064,Returning,UPI
2026-02-09,Laptop,13,West,3928,New,Cash
2026-02-10,Keyboard,19,West,3943,New,Cash
2026-02-10,Laptop,6,North,1925,New,Card
2026-02-10,Mobile,2,East,1910,New,UPI
2026-02-10,Mouse,9,South,1097,New,Cash
2026-02-12,Monitor,11,East,1809,New,Card
2026-02-13,Mobile,9,South,2873,New,Cash
2026-02-14,Keyboard,17,North,2497,New,Cash
2026-02-15,Mouse,8,North,4486,New,Card
2026-02-15,Headphones,15,South,2125,New,Card
2026-02-15,Laptop,5,South,4375,New,Card
2026-02-16,Keyboard,4,North,2616,Returning,UPI
2026-02-16,Monitor,16,North,2294,Returning,Card
2026-02-17,Mobile,4,North,522,New,Card
2026-02-17,Laptop,5,East,2542,New,UPI
2026-02-18,Headphones,10,East,2986,Returning,Cash
2026-02-19,Headphones,1,West,3202,New,Cash
2026-02-21,Keyboard,18,West,1279,New,Card
2026-02-22,Headphones,12,East,3250,Returning,Cash
2026-02-23,Laptop,17,North,2408,Returning,Card
2026-02-24,Keyboard,18,East,4966,New,UPI
2026-02-26,Laptop,11,East,1723,New,Cash
2026-02-27,Monitor,17,West,1003,Returning,Cash
2026-02-28,Mobile,9,East,2687,Returning,Cash
2026-02-28,Headphones,7,North,2564,Returning,Cash
2026-03-01,Mobile,6,West,4923,Returning,Cash
2026-03-02,Monitor,1,North,3689,Returning,Cash
2026-03-02,Keyboard,10,West,1267,New,Cash
2026-03-03,Mouse,1,South,3885,New,Cash
2026-03-04,Laptop,2,East,809,Returning,Card
2026-03-06,Mobile,19,North,1638,New,UPI
2026-03-06,Laptop,1,North,3709,Returning,Card
2026-03-06,Headphones,18,South,4772,Returning,UPI
2026-03-08,Mouse,1,West,1154,Returning,Card
2026-03-10,Mouse,3,South,858,New,Card
2026-03-12,Monitor,10,East,3044,Returning,Card
2026-03-12,Laptop,16,West,4661,Returning,Cash
2026-03-13,Headphones,2,North,1968,New,Card
2026-03-13,Laptop,9,West,3077,New,UPI
2026-03-14,Headphones,18,West,2934,New,Cash
2026-03-14,Mouse,4,East,4339,Returning,Card
2026-03-15,Headphones,17,West,3758,Returning,UPI
2026-03-15,Monitor,6,West,2663,Returning,Cash
2026-03-17,Monitor,12,South,3534,Returning,UPI
2026-03-17,Mouse,18,South,3342,New,UPI
2026-03-18,Monitor,15,North,1100,New,Cash
2026-03-20,Mobile,5,North,1916,Returning,UPI
2026-03-22,Mouse,10,North,1169,Returning,Cash
2026-03-26,Keyboard,16,North,3998,New,Cash
2026-03-26,Mobile,10,West,3137,Returning,UPI
2026-03-26,Monitor,7,East,1474,Returning,UPI
2026-03-27,Headphones,3,South,4469,New,Card
2026-03-28,Mobile,8,North,4015,Returning,Card
2026-03-29,Mouse,3,East,3225,Returning,Card
2026-03-29,Headphones,3,North,2698,Returning,Card
2026-03-30,Keyboard,10,West,4595,New,UPI
2026-03-30,Keyboard,12,West,3456,New,Card
2026-03-30,Mobile,8,South,954,New,Card
2026-04-01,Monitor,1,South,824,New,UPI
2026-04-01,Mobile,9,South,4395,New,UPI
2026-04-03,Mobile,9,East,4264,Returning,UPI
2026-04-03,Mouse,16,West,2000,Returning,Card
2026-04-06,Monitor,7,East,2418,New,UPI
2026-04-06,Monitor,3,West,2007,Returning,Card
2026-04-06,Laptop,11,North,4871,New,UPI
2026-04-09,Laptop,1,East,3817,Returning,Cash
2026-04-10,Monitor,8,West,4459,New,UPI
2026-04-12,Mobile,10,East,3263,Returning,Card
2026-04-13,Monitor,12,North,3013,Returning,UPI
2026-04-14,Laptop,14,South,3207,New,Cash
2026-04-16,Mouse,13,East,3773,New,Card
2026-04-16,Monitor,8,West,2611,Returning,Cash
2026-04-17,Monitor,6,South,3870,New,Cash
2026-04-17,Mouse,3,West,2058,Returning,Card
2026-04-18,Laptop,5,South,1854,Returning,Cash
2026-04-18,Mobile,15,South,1919,New,Cash
2026-04-20,Laptop,15,South,4824,Returning,Card
2026-04-20,Monitor,19,South,2310,Returning,Cash
2026-04-20,Mouse,5,West,2776,New,Cash
2026-04-21,Laptop,3,South,995,Returning,Card
2026-04-22,Headphones,13,East,2052,New,UPI
2026-04-24,Keyboard,7,West,2899,Returning,UPI
2026-04-27,Keyboard,11,South,2772,Returning,Card
2026-04-28,Keyboard,1,South,3742,Returning,Card
2026-04-28,Mobile,4,West,2486,Returning,UPI
2026-04-29,Monitor,18,West,1177,Returning,Cash
2026-04-30,Mobile,18,West,1939,New,Card
2026-04-30,Mobile,6,South,2417,Returning,Cash
2026-04-30,Mouse,15,West,3907,Returning,UPI
2026-05-02,Mobile,7,West,1115,Returning,UPI
2026-05-03,Mouse,16,North,3407,New,UPI
2026-05-03,Mobile,2,East,4038,New,Cash
2026-05-03,Laptop,17,West,2002,New,Cash
2026-05-04,Keyboard,6,North,2613,Returning,Card
2026-05-04,Mouse,5,East,1469,New,Card
2026-05-08,Mouse,10,West,1389,New,Cash
2026-05-09,Keyboard,7,East,1960,Returning,Cash
2026-05-09,Laptop,17,West,1222,New,Cash
2026-05-09,Monitor,18,South,1731,Returning,Cash
2026-05-12,Keyboard,4,South,566,New,Cash
2026-05-15,Monitor,16,North,3335,New,Cash
2026-05-17,Laptop,13,West,1364,Returning,Card
2026-05-18,Mouse,8,South,661,Returning,UPI
2026-05-18,Headphones,12,North,1466,New,Card
2026-05-20,Laptop,17,South,2821,Returning,Card
2026-05-21,Laptop,14,East,2024,New,UPI
2026-05-23,Laptop,8,North,1182,Returning,Cash
2026-05-23,Monitor,7,South,4424,Returning,UPI
2026-05-24,Mobile,4,South,1020,Returning,Cash
2026-05-25,Headphones,3,West,3779,Returning,Card
2026-05-25,Monitor,1,North,3286,Returning,Cash
2026-05-26,Mobile,12,North,932,New,Card
2026-05-28,Keyboard,9,East,3220,Returning,Cash
2026-05-28,Mobile,1,West,1016,Returning,UPI
2026-05-28,Mobile,13,North,1581,New,Cash
2026-05-30,Keyboard,15,North,1013,New,UPI
2026-05-31,Mouse,10,South,2336,Returning,Cash
2026-05-31,Mobile,15,North,1859,New,UPI
2026-05-31,Mobile,19,East,1629,New,Card
2026-06-02,Keyboard,9,North,2748,New,Card
2026-06-02,Keyboard,4,South,3847,Returning,Cash
2026-06-02,Monitor,14,West,4126,Returning,Card
2026-06-02,Keyboard,4,North,1716,Returning,Card
2026-06-03,Headphones,9,West,4485,Returning,Card
2026-06-04,Mouse,8,North,3623,New,Card
2026-06-04,Keyboard,15,North,1990,Returning,Cash
2026-06-04,Laptop,13,South,4921,Returning,Card
2026-06-06,Monitor,4,North,2306,Returning,Cash
2026-06-06,Headphones,16,South,2044,Returning,UPI
2026-06-06,Mouse,17,East,3013,New,Card
2026-06-06,Monitor,1,East,3392,New,Card
2026-06-06,Laptop,13,East,3355,New,Cash
2026-06-07,Keyboard,7,South,2735,Returning,Cash
2026-06-08,Laptop,3,North,1967,Returning,Card
2026-06-08,Keyboard,6,East,3690,New,Card
2026-06-08,Monitor,11,North,1813,New,UPI
2026-06-10,Keyboard,18,West,1386,New,Cash
2026-06-10,Keyboard,18,South,587,New,Card
2026-06-10,Headphones,2,North,3809,Returning,UPI
2026-06-10,Keyboard,16,West,3385,Returning,Cash
2026-06-11,Monitor,4,East,4375,Returning,Card
2026-06-12,Keyboard,9,South,921,New,Cash
2026-06-14,Monitor,13,East,4315,New,Cash
2026-06-16,Monitor,14,South,1172,Returning,Card
2026-06-16,Headphones,15,East,900,New,UPI
2026-06-18,Laptop,4,North,3651,New,Cash
2026-06-19,Mobile,3,West,2849,Returning,UPI
2026-06-20,Mobile,15,East,3557,Returning,Cash
2026-06-21,Laptop,17,North,1685,New,Card
2026-06-21,Laptop,3,North,1802,New,Cash
2026-06-28,Headphones,4,East,3273,Returning,UPI
2026-06-29,Laptop,18,West,1507,New,Cash
2026-06-29,Keyboard,2,North,1201,Returning,UPI
2026-06-30,Mobile,6,South,1055,Returning,Cash
2026-06-30,Mobile,19,West,2252,New,Cash
2026-06-30,Laptop,3,West,1538,New,Cash
2026-06-30,Headphones,12,West,1310,Returning,UPI
2026-07-01,Monitor,2,South,2751,Returning,Cash
2026-07-01,Laptop,12,North,1081,New,UPI
2026-07-01,Monitor,13,East,753,New,Cash
2026-07-03,Headphones,8,West,1103,Returning,Card
2026-07-03,Keyboard,13,West,2375,Returning,UPI
2026-07-04,Laptop,6,East,574,New,Card
2026-07-06,Laptop,14,South,1464,Returning,Cash
2026-07-06,Mobile,9,West,4145,New,UPI
2026-07-08,Headphones,17,West,735,New,Cash
2026-07-11,Monitor,2,West,4268,Returning,UPI
2026-07-11,Keyboard,15,South,1216,New,UPI
2026-07-15,Mouse,10,West,675,New,Card
2026-07-15,Keyboard,4,South,4031,Returning,Cash
2026-07-15,Laptop,17,East,4088,Returning,Cash
2026-07-18,Mobile,15,South,4681,New,Card
2026-07-18,Mobile,5,South,754,Returning,Cash
2026-07-19,Mouse,5,East,4968,Returning,UPI
2026-07-20,Mouse,19,North,4516,Returning,Cash
2026-07-20,Headphones,12,North,2393,Returning,Cash
2026-07-21,Laptop,2,North,1862,Returning,Cash
2026-07-21,Laptop,14,East,906,Returning,UPI
2026-07-24,Mouse,17,East,4525,New,UPI
2026-07-24,Mobile,2,South,1334,New,Card
2026-07-24,Mouse,15,South,651,Returning,Cash
2026-07-25,Mouse,8,West,3211,Returning,Cash
2026-07-27,Laptop,7,East,1588,New,Card
2026-07-28,Keyboard,6,South,3503,New,UPI
2026-07-29,Laptop,7,North,4571,Returning,Cash
2026-07-29,Headphones,10,North,3483,New,Card
2026-07-30,Mouse,19,South,893,New,UPI
2026-07-30,Mouse,15,West,3649,Returning,Cash
2026-07-30,Mobile,10,North,1890,Returning,Card
2026-08-01,Mobile,15,West,1565,Returning,Card
2026-08-01,Laptop,18,West,1050,New,Card
2026-08-03,Headphones,10,East,2415,New,UPI
2026-08-04,Mobile,18,West,3434,New,UPI
2026-08-04,Mobile,2,West,2067,New,Cash
2026-08-04,Mobile,6,East,1331,New,Card
2026-08-05,Mobile,7,North,2867,Returning,UPI
2026-08-05,Mobile,4,West,1525,Returning,UPI
2026-08-05,Keyboard,8,West,2202,Returning,Cash
2026-08-05,Headphones,12,North,2265,Returning,Card
2026-08-07,Laptop,9,West,4218,Returning,Card
2026-08-08,Laptop,12,West,1605,Returning,UPI
2026-08-08,Mouse,16,East,3303,New,Card
2026-08-11,Laptop,18,North,1504,Returning,UPI
2026-08-12,Mouse,19,West,4632,Returning,UPI
2026-08-12,Keyboard,5,North,2765,Returning,Card
2026-08-12,Keyboard,19,East,2862,New,Card
2026-08-13,Monitor,2,South,2724,Returning,Card
2026-08-14,Laptop,1,South,1925,New,Cash
2026-08-16,Headphones,8,North,1211,Returning,Card
2026-08-17,Monitor,16,East,4467,New,Cash
2026-08-18,Monitor,17,West,2583,New,Cash
2026-08-19,Mouse,15,East,2733,New,Card
2026-08-20,Monitor,17,East,3265,New,Card
2026-08-21,Laptop,18,West,3306,Returning,Card
2026-08-21,Headphones,5,North,4308,Returning,Cash
2026-08-22,Monitor,17,East,1095,New,UPI
2026-08-22,Laptop,3,South,3901,New,Cash
2026-08-24,Mouse,1,North,4452,New,UPI
2026-08-25,Mobile,8,North,2272,New,UPI
2026-08-25,Keyboard,18,South,1516,Returning,UPI
2026-08-26,Keyboard,16,East,1724,New,UPI
2026-08-28,Monitor,1,South,3102,Returning,Cash
2026-08-28,Mobile,8,North,3465,Returning,Card
2026-08-30,Monitor,17,South,2776,Returning,UPI
2026-09-01,Keyboard,6,East,4516,New,Cash
2026-09-03,Keyboard,8,North,4760,New,Cash
2026-09-03,Laptop,15,West,2646,Returning,Cash
2026-09-04,Keyboard,6,East,1897,Returning,Card
2026-09-05,Mobile,11,North,3023,Returning,Cash
2026-09-05,Monitor,6,North,4289,Returning,Card
2026-09-07,Mouse,14,North,4919,Returning,Card
2026-09-08,Monitor,19,South,3906,Returning,UPI
2026-09-08,Keyboard,11,North,2680,New,Card
2026-09-09,Monitor,17,South,4129,Returning,UPI
2026-09-10,Monitor,4,South,4571,New,Cash
2026-09-11,Keyboard,9,West,843,Returning,UPI
2026-09-12,Keyboard,9,North,4876,New,UPI
2026-09-15,Mouse,8,East,4854,Returning,Card
2026-09-15,Mouse,8,West,1816,Returning,Cash
2026-09-16,Headphones,8,East,4544,New,UPI
2026-09-20,Mobile,19,East,2545,Returning,Cash
2026-09-20,Monitor,15,West,944,New,Cash
2026-09-25,Mobile,3,South,4650,New,Card
2026-09-25,Laptop,18,North,3136,New,UPI
2026-09-27,Mouse,11,West,4721,Returning,UPI
2026-09-27,Headphones,3,South,1787,New,UPI
2026-09-27,Keyboard,12,South,4657,Returning,Card
2026-09-29,Mouse,12,North,4139,New,Cash
2026-10-01,Mobile,15,North,3445,New,Cash
2026-10-01,Monitor,2,North,1419,Returning,UPI
2026-10-01,Headphones,3,East,4953,New,Card
2026-10-01,Keyboard,2,East,4315,New,Cash
2026-10-03,Monitor,7,East,4461,Returning,Card
2026-10-03,Laptop,7,South,3362,New,Cash
2026-10-03,Laptop,5,West,1327,Returning,Cash
2026-10-04,Mobile,6,South,3105,Returning,Cash
2026-10-04,Keyboard,5,East,4182,Returning,UPI
2026-10-04,Mouse,12,East,1593,Returning,UPI
2026-10-04,Monitor,3,East,4713,New,Card
2026-10-05,Mobile,18,East,3322,Returning,Cash
2026-10-05,Keyboard,11,East,2802,New,UPI
2026-10-09,Keyboard,3,South,4933,Returning,Cash
2026-10-11,Keyboard,6,South,3942,Returning,UPI
2026-10-14,Monitor,10,West,810,Returning,Card
2026-10-14,Keyboard,1,East,3026,New,UPI
2026-10-15,Laptop,16,North,4588,Returning,Cash
2026-10-16,Headphones,15,West,3487,New,UPI
2026-10-16,Mouse,14,North,3476,Returning,Cash
2026-10-18,Keyboard,13,South,1456,New,Cash
2026-10-19,Monitor,19,South,3153,Returning,Card
2026-10-20,Mobile,15,East,4766,New,UPI
2026-10-20,Laptop,2,East,2928,New,Card
2026-10-22,Mouse,11,West,3519,New,Card
2026-10-22,Mouse,12,East,2751,Returning,UPI
2026-10-24,Keyboard,16,North,3808,New,UPI
2026-10-24,Keyboard,1,East,4567,New,Cash
2026-10-24,Headphones,15,East,3787,Returning,UPI
2026-10-26,Monitor,11,North,1575,Returning,UPI
2026-10-26,Headphones,10,East,1886,New,UPI
2026-10-28,Monitor,19,North,828,Returning,Cash
2026-10-28,Mouse,2,East,3279,New,Cash
2026-10-28,Laptop,8,East,2664,Returning,UPI
2026-10-29,Laptop,8,East,837,Returning,Card
2026-10-29,Monitor,3,South,2766,Returning,Cash
2026-10-30,Headphones,12,North,2372,Returning,Card
2026-10-31,Headphones,15,South,600,New,Cash
2026-11-01,Laptop,19,West,1530,Returning,Card
2026-11-01,Monitor,1,South,4314,New,Cash
2026-11-02,Mobile,9,North,4356,New,UPI
2026-11-02,Monitor,9,West,1242,New,Card
2026-11-03,Mouse,12,West,4141,Returning,Card
2026-11-04,Headphones,16,North,1019,New,Cash
2026-11-05,Keyboard,17,East,4505,New,Cash
2026-11-08,Headphones,17,South,2781,New,UPI
2026-11-09,Keyboard,5,West,1380,Returning,UPI
2026-11-10,Mouse,6,South,4966,New,UPI
2026-11-10,Monitor,9,South,4239,Returning,UPI
2026-11-10,Headphones,16,South,1907,New,UPI
2026-11-10,Headphones,4,South,2933,Returning,Card
2026-11-11,Mobile,6,East,1716,Returning,Card
2026-11-12,Keyboard,4,East,2298,New,Cash
2026-11-14,Headphones,18,South,754,New,Cash
2026-11-15,Keyboard,17,West,4549,Returning,Cash
2026-11-16,Keyboard,6,East,724,Returning,UPI
2026-11-16,Monitor,6,North,1187,Returning,UPI
2026-11-17,Mouse,6,East,4035,Returning,Cash
2026-11-17,Mobile,13,East,2482,Returning,Cash
2026-11-17,Mouse,2,South,2394,Returning,Cash
2026-11-18,Mouse,19,East,3547,New,UPI
2026-11-18,Laptop,4,East,2037,New,Card
2026-11-25,Headphones,14,North,4175,New,UPI
2026-11-25,Mouse,10,North,3578,New,UPI
2026-11-26,Mouse,1,North,2678,New,Cash
2026-11-27,Monitor,19,West,3056,Returning,UPI
2026-11-27,Keyboard,17,East,4098,New,Card
2026-11-29,Mouse,6,East,856,New,UPI
2026-11-29,Laptop,17,North,3701,New,Cash
2026-12-01,Mobile,7,South,766,New,Card
2026-12-01,Mouse,13,South,1834,New,UPI
2026-12-02,Mobile,6,South,2026,New,Card
2026-12-03,Mobile,15,South,2446,New,Cash
2026-12-04,Keyboard,11,West,1248,Returning,Cash
2026-12-04,Mobile,17,South,895,New,UPI
2026-12-05,Keyboard,7,North,1659,Returning,Cash
2026-12-05,Keyboard,2,West,3867,Returning,Card
2026-12-05,Laptop,18,North,1841,Returning,UPI
2026-12-08,Monitor,3,South,1237,Returning,UPI
2026-12-09,Mouse,18,South,2870,Returning,Cash
2026-12-09,Monitor,5,West,2289,New,Card
2026-12-09,Mouse,4,West,2419,New,Card
2026-12-10,Keyboard,14,East,1540,New,UPI
2026-12-11,Laptop,17,West,2167,Returning,UPI
2026-12-12,Headphones,15,South,4797,Returning,Card
2026-12-13,Mobile,12,West,4710,Returning,Card
2026-12-14,Mobile,6,South,3750,New,Card
2026-12-14,Headphones,13,East,4771,New,Cash
2026-12-16,Headphones,12,North,2513,Returning,UPI
2026-12-16,Mobile,11,West,917,Returning,UPI
2026-12-16,Mouse,3,North,3278,New,Cash
2026-12-18,Keyboard,16,South,591,Returning,Cash
2026-12-21,Headphones,16,East,4109,Returning,Cash
2026-12-22,Laptop,17,West,753,Returning,Cash
2026-12-25,Mobile,3,East,2035,Returning,Cash
2026-12-29,Headphones,4,East,735,Returning,UPI
2026-12-29,Mobile,5,North,1226,New,Card
2026-12-29,Headphones,18,East,2652,Returning,Card
2026-12-30,Headphones,5,West,4730,Returning,Cash
2026-12-30,Laptop,18,South,3370,New,Cash
2026-12-31,Monitor,18,East,1720,Returning,Card
2026-12-31,Mouse,16,East,512,New,UPI
2027-01-02,Mouse,15,South,757,Returning,Cash
2027-01-04,Monitor,12,North,2884,New,Card
2027-01-04,Monitor,3,East,1709,New,Card
2027-01-04,Laptop,13,East,878,New,UPI
2027-01-06,Keyboard,19,South,1985,Returning,UPI
2027-01-09,Laptop,4,South,711,New,Card
2027-01-09,Keyboard,11,South,2224,Returning,Cash
2027-01-10,Mobile,3,East,3058,Returning,UPI
2027-01-11,Monitor,3,East,4570,New,Card
2027-01-13,Mobile,8,South,736,Returning,UPI
2027-01-13,Keyboard,5,North,1965,Returning,Card
2027-01-14,Keyboard,13,North,3512,New,UPI
2027-01-18,Laptop,11,East,3659,New,UPI
2027-01-19,Laptop,3,East,4016,Returning,Cash
2027-01-21,Monitor,6,South,2517,Returning,Cash
2027-01-21,Mouse,6,North,1569,New,Cash
2027-01-22,Laptop,4,West,1188,Returning,Cash
2027-01-22,Keyboard,9,West,2507,New,UPI
2027-01-23,Laptop,19,East,2789,New,UPI
2027-01-24,Headphones,14,North,3938,New,UPI
2027-01-24,Headphones,13,West,3239,Returning,UPI
2027-01-25,Mouse,19,South,4257,New,Cash
2027-01-25,Monitor,17,West,4401,New,Card
2027-01-25,Mobile,6,West,4952,New,Cash
2027-01-29,Mouse,19,South,3224,Returning,Card
2027-01-30,Monitor,13,North,4188,New,Card
2027-02-01,Laptop,2,East,1205,New,Card
2027-02-01,Mouse,16,North,3222,Returning,Card
2027-02-02,Monitor,4,South,3013,Returning,Card
2027-02-04,Keyboard,13,East,4675,Returning,UPI
2027-02-04,Keyboard,4,East,1267,Returning,UPI
2027-02-05,Mobile,7,North,1881,New,Cash
2027-02-05,Mouse,9,East,4669,New,Card
2027-02-06,Laptop,17,South,3323,New,Card
2027-02-06,Mouse,3,South,1474,Returning,UPI
2027-02-07,Mouse,5,West,1822,New,Card
2027-02-08,Monitor,17,North,1602,Returning,UPI
2027-02-08,Mouse,14,North,870,New,Card
2027-02-08,Headphones,6,North,935,New,UPI
2027-02-09,Keyboard,4,West,4621,Returning,Card
2027-02-09,Mobile,6,South,3885,Returning,Cash
2027-02-09,Laptop,6,West,3174,New,Card
2027-02-10,Keyboard,5,East,4705,New,Cash
2027-02-13,Mouse,12,West,4122,Returning,Card
2027-02-13,Mouse,19,North,2563,Returning,Card
2027-02-16,Mobile,9,South,2858,Returning,Cash
2027-02-17,Monitor,8,East,1045,Returning,Card
2027-02-17,Headphones,4,East,3591,New,Cash
2027-02-22,Headphones,3,West,4485,Returning,Card
2027-02-23,Mobile,17,West,3762,Returning,Cash
2027-02-24,Mouse,7,South,3338,New,Card
2027-02-25,Monitor,17,West,1808,New,UPI
2027-02-28,Mouse,15,North,4850,Returning,Cash
2027-03-01,Keyboard,16,South,1193,Returning,UPI
2027-03-01,Mouse,6,North,4222,Returning,Card
2027-03-02,Laptop,6,North,4872,Returning,UPI
2027-03-03,Mobile,3,North,2946,Returning,Card
2027-03-04,Keyboard,13,West,921,New,Cash
2027-03-04,Keyboard,7,South,1304,New,UPI
2027-03-04,Monitor,8,West,1013,Returning,UPI
2027-03-05,Keyboard,12,West,4414,New,Cash
2027-03-05,Mobile,16,East,4609,New,Card
2027-03-05,Headphones,3,East,2931,New,Cash
2027-03-07,Laptop,14,South,1763,New,UPI
2027-03-08,Monitor,13,South,2871,New,Cash
2027-03-09,Laptop,15,South,3380,New,UPI
2027-03-10,Monitor,5,West,2661,New,UPI
2027-03-10,Headphones,8,North,3472,New,Card
2027-03-10,Monitor,12,South,723,New,Card
2027-03-10,Mobile,7,East,1566,Returning,Cash
2027-03-10,Headphones,8,North,952,New,Cash
2027-03-11,Keyboard,5,East,4820,New,UPI
2027-03-12,Mouse,19,South,4698,New,UPI
2027-03-12,Laptop,3,North,605,New,Cash
2027-03-12,Laptop,6,South,1922,New,UPI
2027-03-14,Monitor,2,North,2312,New,Cash
2027-03-15,Laptop,15,East,4222,Returning,UPI
2027-03-15,Keyboard,4,South,918,New,Cash
2027-03-15,Mobile,15,South,2187,Returning,Cash
2027-03-16,Monitor,3,North,4172,New,UPI
2027-03-16,Keyboard,9,North,672,Returning,UPI
2027-03-17,Keyboard,6,South,3781,Returning,Card
2027-03-17,Laptop,3,West,4866,New,Cash
2027-03-20,Mouse,7,East,1643,New,UPI
2027-03-21,Headphones,15,East,1447,New,UPI
2027-03-22,Mouse,11,North,3578,Returning,Cash
2027-03-23,Headphones,3,West,3357,Returning,Cash
2027-03-23,Keyboard,17,West,1288,New,Cash
2027-03-24,Mobile,11,East,3608,New,Card
2027-03-26,Monitor,13,West,2923,New,Cash
2027-03-27,Headphones,16,West,2675,Returning,Cash
2027-03-29,Mobile,16,West,2181,Returning,Card
2027-03-29,Keyboard,13,North,820,Returning,Card
2027-03-30,Mouse,16,West,3211,Returning,Cash
2027-03-30,Laptop,16,West,1203,New,Card
2027-04-02,Keyboard,3,East,534,New,Card
2027-04-04,Keyboard,13,South,4435,New,UPI
2027-04-05,Headphones,18,South,725,Returning,Cash
2027-04-05,Keyboard,13,South,4793,New,Cash
2027-04-10,Laptop,9,North,1292,Returning,Card
2027-04-11,Laptop,10,North,3701,New,Cash
2027-04-18,Laptop,7,East,2725,New,Card
2027-04-20,Keyboard,9,West,1365,Returning,Card
2027-04-20,Monitor,1,East,3571,Returning,Cash
2027-04-20,Headphones,11,South,4122,New,Cash
2027-04-21,Headphones,1,West,3960,New,Cash
2027-04-21,Laptop,11,West,3557,New,Cash
2027-04-21,Laptop,14,East,4831,New,Cash
2027-04-23,Monitor,19,South,3489,Returning,Card
2027-04-23,Monitor,8,South,4345,New,Card
2027-04-24,Headphones,15,West,3237,New,Cash
2027-04-27,Mobile,19,North,4881,New,Card
2027-04-27,Laptop,17,West,3810,Returning,Card
2027-04-29,Laptop,15,West,1045,New,Cash
2027-04-29,Mouse,10,South,2175,Returning,UPI
2027-04-29,Mouse,19,West,1508,New,Cash
2027-04-29,Monitor,4,North,2323,Returning,UPI
2027-05-01,Headphones,2,South,3696,Returning,Cash
2027-05-01,Headphones,18,South,3562,New,Cash
2027-05-04,Monitor,1,South,2635,Returning,UPI
2027-05-05,Mouse,6,East,1154,New,Cash
2027-05-06,Mouse,19,South,2775,Returning,Cash
2027-05-07,Mouse,12,West,1555,New,UPI
2027-05-08,Mobile,8,East,2918,New,UPI
2027-05-08,Laptop,19,West,970,New,Cash
2027-05-09,Monitor,4,North,4728,Returning,UPI
2027-05-09,Mouse,7,East,4437,New,UPI
2027-05-10,Keyboard,3,South,1453,New,Card
2027-05-12,Laptop,19,West,4437,Returning,Card
2027-05-14,Mouse,10,West,1301,Returning,Cash
2027-05-15,Keyboard,7,South,548,New,UPI
2027-05-15,Mouse,19,East,1527,Returning,UPI
2027-05-15,Laptop,8,South,3931,Returning,Card
2027-05-16,Monitor,12,East,3423,New,Cash
2027-05-17,Keyboard,10,West,4657,Returning,Cash
2027-05-17,Mouse,13,South,2497,Returning,UPI
2027-05-18,Mouse,19,West,1574,New,UPI
2027-05-19,Laptop,10,South,1860,Returning,Cash
2027-05-20,Laptop,9,West,4499,New,Card
2027-05-23,Mouse,11,South,1886,New,Cash
2027-05-23,Keyboard,17,East,3083,New,Card
2027-05-24,Headphones,8,South,1915,Returning,Cash
2027-05-25,Keyboard,6,East,2118,New,UPI
2027-06-04,Mouse,9,North,2670,Returning,UPI
2027-06-06,Monitor,16,North,2063,Returning,Card
2027-06-08,Headphones,2,South,4258,Returning,Card
2027-06-11,Mouse,14,South,807,New,UPI
2027-06-13,Mobile,17,North,1048,Returning,UPI
2027-06-14,Mobile,7,South,2615,Returning,Card
2027-06-14,Keyboard,6,South,3186,Returning,Card
2027-06-16,Monitor,7,West,4249,Returning,Cash
2027-06-16,Keyboard,5,East,2375,New,UPI
2027-06-18,Monitor,8,East,3692,Returning,Card
2027-06-18,Keyboard,8,South,4393,New,Card
2027-06-19,Monitor,6,South,1046,Returning,UPI
2027-06-19,Laptop,9,East,4998,Returning,UPI
2027-06-20,Mobile,3,North,4118,Returning,Card
2027-06-20,Keyboard,13,North,4722,Returning,Card
2027-06-21,Mouse,6,East,556,Returning,Card
2027-06-21,Keyboard,6,North,4015,New,Card
2027-06-22,Monitor,7,South,840,New,UPI
2027-06-22,Laptop,11,South,2832,New,Cash
2027-06-23,Keyboard,12,West,2940,Returning,Cash
2027-06-24,Mouse,7,South,4707,Returning,Cash
2027-06-24,Laptop,8,East,4170,Returning,UPI
2027-06-25,Mouse,13,South,4265,New,UPI
2027-06-25,Mobile,2,West,3997,New,Card
2027-06-25,Laptop,19,East,3861,New,Card
2027-06-25,Headphones,10,South,3280,Returning,Cash
2027-06-25,Keyboard,10,North,2708,Returning,Card
2027-06-27,Headphones,19,West,741,New,Card
2027-06-28,Headphones,11,East,2158,New,UPI
2027-06-28,Laptop,13,East,4634,New,Card
2027-06-28,Mouse,15,East,1318,New,Card
2027-06-28,Monitor,5,South,1514,New,UPI
2027-07-02,Laptop,18,East,3555,Returning,Card
2027-07-02,Laptop,3,East,1079,Returning,Card
2027-07-04,Mobile,6,East,1371,New,Cash
2027-07-05,Mobile,15,West,2614,New,Card
2027-07-05,Mobile,1,East,4370,Returning,UPI
2027-07-05,Keyboard,16,East,4657,New,Card
2027-07-06,Monitor,8,South,3263,Returning,Cash
2027-07-07,Monitor,13,West,4872,New,UPI
2027-07-07,Keyboard,9,West,4640,New,UPI
2027-07-08,Monitor,17,East,2082,New,UPI
2027-07-11,Monitor,1,West,2638,New,Cash
2027-07-12,Monitor,14,East,3868,Returning,UPI
2027-07-13,Monitor,2,North,3553,New,UPI
2027-07-17,Laptop,4,North,4761,New,UPI
2027-07-19,Headphones,12,South,1125,Returning,UPI
2027-07-20,Mouse,9,East,1917,Returning,Cash
2027-07-20,Headphones,4,South,2270,Returning,Card
2027-07-20,Keyboard,19,East,2822,New,UPI
2027-07-21,Headphones,17,West,2563,Returning,Cash
2027-07-22,Monitor,17,South,4826,Returning,UPI
2027-07-22,Monitor,16,North,2350,New,Cash
2027-07-23,Mobile,1,South,2811,Returning,UPI
2027-07-23,Laptop,5,South,2071,Returning,Cash
2027-07-24,Mobile,12,North,3732,New,Card
2027-07-25,Keyboard,10,South,1579,Returning,Cash
2027-07-26,Headphones,8,North,2199,New,Cash
2027-07-27,Keyboard,13,North,2204,New,Cash
2027-07-27,Mouse,12,West,2388,New,Cash
2027-07-28,Laptop,7,East,3369,Returning,Card
2027-07-30,Mobile,5,East,723,New,UPI
2027-07-30,Monitor,3,North,990,New,UPI
2027-07-30,Headphones,2,North,798,Returning,Cash
2027-08-01,Keyboard,14,North,847,New,UPI
2027-08-03,Monitor,16,East,3730,New,Card
2027-08-04,Laptop,2,East,2532,New,UPI
2027-08-06,Mobile,17,West,4426,New,Cash
2027-08-06,Mouse,19,East,4029,New,UPI
2027-08-07,Monitor,8,West,3387,Returning,Card
2027-08-08,Monitor,15,West,3426,New,UPI
2027-08-10,Keyboard,11,North,1397,New,UPI
2027-08-10,Keyboard,4,North,3882,Returning,Cash
2027-08-10,Headphones,7,North,3083,New,Cash
2027-08-10,Laptop,3,South,4773,New,Cash
2027-08-11,Monitor,1,West,2277,New,Card
2027-08-11,Headphones,9,South,2024,New,Card
2027-08-13,Mobile,14,East,609,New,Cash
2027-08-14,Mouse,10,North,4013,Returning,Cash
2027-08-14,Monitor,14,South,581,New,UPI
2027-08-15,Keyboard,9,North,2605,Returning,Cash
2027-08-15,Laptop,19,East,1598,New,UPI
2027-08-15,Mouse,13,East,1821,New,UPI
2027-08-15,Keyboard,19,East,2579,Returning,Card
2027-08-16,Keyboard,6,North,3444,Returning,Card
2027-08-17,Keyboard,1,South,4247,Returning,UPI
2027-08-20,Laptop,6,North,1632,New,Card
2027-08-21,Mouse,10,West,707,Returning,Card
2027-08-21,Monitor,6,West,4332,Returning,Cash
2027-08-23,Mouse,14,East,591,New,Card
2027-08-23,Laptop,8,East,814,Returning,Card
2027-08-24,Mouse,4,East,1629,New,Card
2027-08-24,Keyboard,7,West,3222,New,Cash
2027-08-24,Monitor,13,South,2522,New,Card
2027-08-26,Headphones,2,South,4777,Returning,Cash
2027-08-26,Laptop,15,North,796,Returning,UPI
2027-08-27,Monitor,2,East,578,Returning,UPI
2027-08-28,Mobile,2,North,945,Returning,UPI
2027-08-28,Laptop,13,East,3701,Returning,Cash
2027-08-29,Monitor,2,North,2377,New,Cash
2027-09-01,Mobile,3,North,3270,New,Card
2027-09-02,Mobile,17,North,842,New,Card
2027-09-02,Keyboard,6,North,1422,New,Cash
2027-09-04,Headphones,10,East,1202,Returning,Card
2027-09-05,Laptop,14,West,1145,New,UPI
2027-09-05,Keyboard,7,South,2777,New,UPI
2027-09-09,Mouse,8,North,1040,Returning,UPI
2027-09-11,Mouse,12,South,1616,Returning,Card
2027-09-11,Laptop,18,East,3107,Returning,Card
2027-09-12,Keyboard,1,North,1609,Returning,UPI
2027-09-12,Keyboard,16,South,3507,New,UPI
2027-09-12,Headphones,13,North,1482,New,Card
2027-09-13,Headphones,1,East,4642,Returning,UPI
2027-09-15,Headphones,5,South,4695,New,Cash
2027-09-16,Laptop,15,North,3674,New,Card
2027-09-16,Mobile,17,South,4915,Returning,Card
2027-09-18,Mouse,18,South,4876,Returning,UPI
2027-09-19,Monitor,13,West,2498,Returning,UPI
2027-09-21,Headphones,11,South,1072,Returning,Cash
2027-09-21,Headphones,1,South,877,Returning,Cash
2027-09-22,Headphones,17,West,3071,Returning,UPI
2027-09-24,Monitor,18,South,2406,New,UPI
2027-09-24,Monitor,7,West,4921,New,UPI
2027-09-25,Monitor,7,South,880,Returning,UPI
2027-09-26,Monitor,12,West,3575,New,UPI
2027-09-30,Monitor,18,East,2876,New,UPI
2027-09-30,Monitor,10,South,4845,New,Card
2027-10-01,Mouse,19,East,3892,Returning,UPI
2027-10-10,Mobile,4,West,2493,New,Cash
2027-10-14,Keyboard,4,West,1916,Returning,UPI
2027-10-15,Mouse,15,West,3497,Returning,UPI
2027-10-16,Keyboard,8,East,2226,New,Card
2027-10-17,Monitor,5,East,4542,New,Cash
2027-10-17,Headphones,18,South,4683,Returning,UPI
2027-10-17,Laptop,4,South,755,New,Card
2027-10-17,Headphones,11,West,1808,Returning,UPI
2027-10-18,Mobile,15,East,1271,New,Card
2027-10-20,Monitor,16,North,2027,Returning,UPI
2027-10-22,Keyboard,18,North,712,New,UPI
2027-10-24,Monitor,9,East,1253,Returning,Card
2027-10-24,Monitor,15,North,2085,Returning,UPI
2027-10-24,Keyboard,10,West,1304,Returning,Cash
2027-10-24,Mouse,2,West,4234,Returning,UPI
2027-10-25,Laptop,8,North,4248,New,UPI
2027-10-26,Monitor,17,East,861,New,UPI
2027-10-26,Laptop,18,North,4240,New,UPI
2027-10-26,Headphones,17,West,872,New,UPI
2027-10-28,Headphones,16,North,4082,New,Cash
2027-10-29,Monitor,11,South,4473,Returning,Card
2027-10-29,Mouse,12,West,3411,New,Cash
2027-10-31,Mouse,5,South,3683,New,Cash
2027-11-04,Keyboard,5,East,3629,New,Card
2027-11-04,Mobile,2,West,4283,New,Card
2027-11-06,Mouse,17,East,4282,Returning,Cash
2027-11-08,Laptop,15,West,4835,New,Card
2027-11-08,Monitor,13,West,4265,New,Cash
2027-11-08,Keyboard,13,South,3263,Returning,Card
2027-11-09,Keyboard,16,East,1652,New,Cash
2027-11-10,Mobile,10,East,1104,Returning,Card
2027-11-10,Mobile,16,East,1269,New,Card
2027-11-11,Mouse,18,North,3181,New,Cash
2027-11-17,Laptop,13,West,3780,New,Cash
2027-11-17,Mouse,15,North,4288,New,UPI
2027-11-18,Mobile,15,South,4565,New,Card
2027-11-21,Headphones,15,East,3786,Returning,Cash
2027-11-21,Monitor,2,North,1735,Returning,Cash
2027-11-23,Monitor,17,West,1778,New,UPI
2027-11-26,Laptop,14,West,2129,Returning,Card
2027-11-28,Mouse,16,East,1673,New,Cash
2027-11-28,Headphones,17,North,1337,Returning,Card
2027-11-28,Monitor,4,East,825,New,Cash
2027-11-30,Monitor,12,West,708,New,UPI
2027-12-01,Mobile,11,West,3257,New,UPI
2027-12-01,Mobile,19,West,2469,New,UPI
2027-12-02,Laptop,17,South,2551,Returning,Card
2027-12-03,Keyboard,12,East,3490,New,Cash
2027-12-05,Keyboard,12,West,3081,Returning,Cash
2027-12-05,Laptop,3,South,1117,New,UPI
2027-12-05,Monitor,11,South,4624,New,UPI
2027-12-05,Laptop,18,South,1416,Returning,Cash
2027-12-08,Monitor,1,North,1488,Returning,Card
2027-12-08,Keyboard,17,West,530,Returning,Cash
2027-12-08,Monitor,17,South,2167,Returning,Card
2027-12-08,Keyboard,16,West,1279,New,Cash
2027-12-09,Mouse,19,South,1956,New,Cash
2027-12-11,Mobile,15,North,798,New,Cash
2027-12-12,Keyboard,4,South,693,Returning,Card
2027-12-12,Laptop,8,South,3324,New,Cash
2027-12-16,Headphones,1,North,2702,Returning,UPI
2027-12-16,Keyboard,17,East,1009,New,Card
2027-12-16,Laptop,1,North,2960,New,UPI
2027-12-18,Mouse,3,East,1438,Returning,UPI
2027-12-21,Mobile,17,South,1897,New,UPI
2027-12-22,Mobile,8,South,2107,New,Cash
2027-12-23,Monitor,11,North,3877,New,Cash
2027-12-25,Keyboard,16,East,4376,New,Card
2027-12-25,Mobile,16,East,4928,New,Cash
2027-12-27,Laptop,3,East,2629,Returning,Card
2027-12-27,Keyboard,19,East,3539,New,Card
2027-12-28,Laptop,8,North,4753,Returning,UPI
2027-12-29,Mobile,11,South,1441,Returning,Cash
2027-12-29,Mobile,17,North,1097,New,Card
2027-12-29,Headphones,12,East,946,New,Card
2027-12-30,Mobile,10,North,1608,New,UPI
2028-01-01,Headphones,5,North,1853,Returning,Cash
2028-01-01,Mobile,8,South,792,Returning,UPI
2028-01-01,Mouse,10,South,2501,New,Card
2028-01-02,Mouse,9,North,2758,New,Cash
2028-01-03,Monitor,5,South,651,Returning,UPI
2028-01-03,Laptop,6,West,2166,New,Cash
2028-01-04,Headphones,9,North,3152,New,Card
2028-01-05,Headphones,10,North,4614,Returning,Cash
2028-01-09,Mobile,8,East,2526,Returning,UPI
2028-01-09,Mobile,2,South,3946,Returning,Cash
2028-01-11,Laptop,13,South,921,Returning,Cash
2028-01-11,Keyboard,8,North,622,Returning,UPI
2028-01-13,Monitor,18,South,4974,New,UPI
2028-01-13,Laptop,6,East,4367,New,UPI
2028-01-15,Keyboard,14,West,1799,New,Cash
2028-01-16,Monitor,14,South,3758,New,UPI
2028-01-17,Laptop,14,North,4516,New,UPI
2028-01-17,Laptop,11,North,2427,Returning,UPI
2028-01-18,Mouse,16,East,1780,New,Cash
2028-01-18,Keyboard,13,East,3272,New,Card
2028-01-20,Mouse,11,East,3121,Returning,Cash
2028-01-20,Laptop,13,North,3124,Returning,UPI
2028-01-21,Laptop,19,South,3456,New,Card
2028-01-23,Laptop,11,West,2428,Returning,Card
2028-01-23,Headphones,9,East,4935,Returning,Card
2028-01-23,Keyboard,13,North,1676,New,Card
2028-01-25,Mobile,8,East,4525,New,Card
2028-01-26,Keyboard,10,East,3806,New,Card
2028-01-27,Headphones,11,South,3240,New,Cash
2028-01-27,Mobile,7,West,1443,New,Card
2028-01-27,Mouse,9,East,4190,Returning,Card
2028-01-28,Mouse,12,South,2913,New,Cash
2028-01-28,Headphones,14,East,985,Returning,UPI
2028-01-28,Mouse,6,North,3033,Returning,Cash
2028-01-29,Monitor,4,East,3891,New,UPI
2028-01-30,Laptop,14,North,4651,Returning,Cash
2028-01-31,Laptop,2,North,1041,Returning,Card
2028-02-01,Mouse,17,West,1731,Returning,UPI
2028-02-02,Laptop,2,West,3002,Returning,UPI
2028-02-02,Keyboard,6,East,3890,New,UPI
2028-02-04,Laptop,5,North,4049,New,Card
2028-02-04,Headphones,18,West,703,New,UPI
2028-02-06,Mouse,5,West,664,New,Cash
2028-02-06,Monitor,14,East,1044,New,UPI
2028-02-07,Monitor,8,East,4949,New,UPI
2028-02-07,Keyboard,12,East,1297,New,Cash
2028-02-07,Mouse,5,East,1072,Returning,UPI
2028-02-07,Mobile,18,North,3566,Returning,Card
2028-02-09,Mouse,1,North,2439,Returning,UPI
2028-02-09,Mouse,1,South,2073,New,Card
2028-02-09,Headphones,10,West,3045,Returning,UPI
2028-02-10,Laptop,2,East,3642,Returning,Card
2028-02-14,Mobile,1,South,1917,Returning,UPI
2028-02-16,Laptop,4,North,2607,New,UPI
2028-02-17,Mouse,11,South,4939,Returning,Card
2028-02-19,Mobile,16,West,1624,New,Card
2028-02-19,Laptop,4,North,4354,Returning,Card
2028-02-20,Monitor,19,West,3347,New,Cash
2028-02-21,Monitor,17,South,1370,New,Cash
2028-02-23,Monitor,9,North,4242,Returning,UPI
2028-02-24,Headphones,17,East,1704,Returning,UPI
2028-02-25,Keyboard,18,East,1490,New,Cash
2028-02-25,Laptop,2,North,4109,Returning,UPI
2028-02-28,Mouse,4,East,2879,New,UPI
2028-03-01,Mouse,5,East,953,Returning,Cash
2028-03-01,Mobile,5,South,1489,Returning,Card
2028-03-02,Keyboard,15,North,2600,Returning,Cash
2028-03-03,Headphones,19,South,2479,Returning,Card
2028-03-05,Laptop,2,West,1099,New,UPI
2028-03-05,Keyboard,10,West,1064,Returning,Card
2028-03-05,Headphones,6,East,3742,Returning,Cash
2028-03-06,Mouse,8,South,2211,New,Card
2028-03-07,Keyboard,18,North,1254,Returning,Cash
2028-03-08,Keyboard,14,South,3284,Returning,Card
2028-03-09,Mobile,10,South,2708,New,Cash
2028-03-10,Mobile,11,North,3546,New,UPI
2028-03-10,Keyboard,5,North,3907,Returning,UPI
2028-03-10,Headphones,1,South,1259,Returning,UPI
2028-03-12,Laptop,18,West,3964,New,Card
2028-03-14,Mouse,2,North,3462,New,UPI
2028-03-15,Mouse,14,West,4509,New,Card
2028-03-15,Mouse,2,South,2277,New,UPI
2028-03-16,Mobile,3,North,1863,Returning,Card
2028-03-16,Headphones,10,South,4664,Returning,Cash
2028-03-18,Monitor,10,West,1793,New,Cash
2028-03-19,Keyboard,12,East,3802,New,Cash
2028-03-20,Monitor,1,South,528,Returning,Cash
2028-03-20,Mouse,2,East,2164,Returning,UPI
2028-03-21,Mobile,13,West,2769,New,UPI
2028-03-21,Mobile,13,East,2259,Returning,UPI
2028-03-21,Monitor,6,North,2267,New,Cash
2028-03-21,Laptop,6,East,1625,New,Card
2028-03-23,Mobile,4,South,3583,Returning,UPI
2028-03-23,Keyboard,9,West,1347,Returning,Card
2028-03-24,Mobile,13,North,620,New,UPI
2028-03-29,Mouse,18,West,1849,Returning,Cash
2028-03-29,Keyboard,19,East,4764,New,Cash
2028-03-30,Keyboard,2,East,2709,New,Card
2028-04-01,Keyboard,10,West,1825,New,Cash
2028-04-03,Mobile,3,North,1187,New,Cash
2028-04-03,Laptop,5,South,1691,Returning,Cash
2028-04-04,Mobile,13,South,3996,Returning,Cash
2028-04-04,Keyboard,5,West,1529,New,UPI
2028-04-05,Mobile,1,South,2540,New,Card
2028-04-07,Headphones,16,North,3564,Returning,Cash
2028-04-10,Headphones,16,West,2772,New,Cash
2028-04-10,Mouse,13,East,2057,New,Cash
2028-04-12,Mobile,17,South,1326,New,Card
2028-04-13,Mouse,8,West,3392,New,Card
2028-04-14,Monitor,17,North,806,New,Cash
2028-04-15,Monitor,14,West,2005,New,UPI
2028-04-15,Keyboard,18,East,1971,New,Cash
2028-04-16,Mobile,17,West,4383,New,UPI
2028-04-17,Headphones,17,West,1596,Returning,Cash
2028-04-18,Mouse,14,East,3230,New,Card
2028-04-19,Laptop,4,West,4449,Returning,Card
2028-04-19,Monitor,14,North,2796,Returning,UPI
2028-04-22,Keyboard,16,West,4033,Returning,UPI
2028-04-23,Headphones,14,North,4854,Returning,UPI
2028-04-23,Monitor,5,West,1212,New,Card
2028-04-26,Mobile,19,South,1742,New,Cash
2028-04-26,Headphones,7,West,1083,Returning,Card
2028-04-27,Keyboard,8,South,3325,Returning,UPI
2028-04-27,Monitor,4,West,618,Returning,Card
2028-04-28,Laptop,7,North,3053,New,Cash
2028-04-29,Mouse,1,West,1118,New,UPI
2028-04-29,Mouse,3,North,542,Returning,Card
2028-04-29,Mobile,9,North,3029,New,Cash
2028-04-30,Headphones,2,West,2064,New,UPI
2028-04-30,Headphones,8,South,4219,New,Card
2028-05-06,Laptop,3,East,1440,Returning,Cash
2028-05-06,Keyboard,16,West,4854,New,UPI
2028-05-06,Headphones,18,South,3228,Returning,UPI
2028-05-07,Keyboard,6,North,1969,New,Card
2028-05-09,Mobile,11,West,4428,Returning,UPI
2028-05-09,Mouse,12,South,3392,New,UPI
2028-05-09,Mouse,19,North,3836,New,Card
2028-05-12,Mobile,10,West,4237,New,Card
2028-05-13,Keyboard,6,South,1570,New,Card
2028-05-13,Monitor,3,South,2665,Returning,UPI
2028-05-20,Mobile,17,East,750,Returning,Cash
2028-05-20,Mobile,15,South,3197,Returning,Cash
2028-05-20,Keyboard,5,East,3330,New,Cash
2028-05-22,Mouse,13,East,3430,New,UPI
2028-05-23,Laptop,4,South,732,Returning,Cash
2028-05-23,Keyboard,11,South,3369,New,Card
2028-05-23,Headphones,5,West,4067,Returning,Card
2028-05-24,Keyboard,19,South,3168,New,UPI
2028-05-24,Mobile,14,South,2264,Returning,Cash
2028-05-27,Keyboard,13,East,4678,Returning,UPI
2028-05-28,Mouse,3,South,4401,Returning,Card
2028-05-29,Mouse,11,East,2600,New,UPI
2028-05-30,Mobile,10,East,2967,Returning,Card
2028-05-30,Keyboard,16,North,4459,New,Cash
2028-05-30,Monitor,6,South,2576,Returning,Cash
2028-05-30,Keyboard,10,North,2975,New,Card
2028-06-01,Monitor,4,South,4928,New,Cash
2028-06-02,Keyboard,7,East,1468,Returning,UPI
2028-06-04,Mouse,18,North,4637,Returning,UPI
2028-06-04,Mouse,5,North,584,Returning,Card
2028-06-04,Headphones,15,South,2459,Returning,Cash
2028-06-05,Mouse,5,South,3862,New,Cash
2028-06-07,Keyboard,8,South,3661,Returning,UPI
2028-06-08,Mobile,13,East,4451,Returning,Card
2028-06-08,Keyboard,12,East,4286,Returning,UPI
2028-06-09,Mobile,12,West,2544,Returning,Cash
2028-06-09,Mouse,7,North,4518,Returning,Cash
2028-06-12,Mouse,5,South,1887,New,UPI
2028-06-13,Mobile,17,East,1603,New,Card
2028-06-14,Laptop,9,South,4909,New,UPI
2028-06-14,Laptop,6,West,1894,New,Cash
2028-06-17,Laptop,14,South,2572,Returning,Card
2028-06-17,Monitor,5,South,904,New,Card
2028-06-17,Monitor,2,South,3165,New,UPI
2028-06-19,Monitor,6,West,2969,Returning,Cash
2028-06-20,Monitor,18,South,782,Returning,Cash
2028-06-20,Mouse,17,South,1164,Returning,Card
2028-06-21,Mobile,3,South,2348,New,Card
